album_name,song,date,artist,Featured Artist,Featured Artist 2,Explicitness ,Chorus Words,Intro,Outro,Sentiment Score (Old),Sentiment,Sentiment Score,Adjusted,Color Words,Nature Words,Body Parts,Total Words,Unique Words,Lexical Diversity,Average Word Length,You Count,We Count,I Count,You Ratio,I Ratio,We Ratio,Dominant Pronoun,Bridge,Pre-Chorus,Temporal Words,Temporal Density
Red (Taylor's Version),All Too Well (10 Minute Version),12/11/2021,Taylor Swift,,,Explicit,35,FALSE,TRUE,0.158521026,Negative,-0.804505348,TRUE,3,12,12,1009,329,0.3261,3.63,47,34,65,0.0466,0.0644,0.0337,I Count,TRUE,TRUE,52,0.0515
The Tortured Poets Department,But Daddy I Love Him,4/19/2024,Taylor Swift,,,Explicit,52,FALSE,TRUE,-0.086057045,Neutral,-0.286057045,TRUE,4,6,3,603,241,0.3997,3.66,17,3,35,0.0282,0.058,0.005,I Count,TRUE,TRUE,20,0.0332
Speak Now (Taylor's Version),Timeless (Taylor’s Version) [From the Vault],7/7/2023,Taylor Swift,,,Clean,80,FALSE,TRUE,0.36302194,Positive,0.36302194,FALSE,3,0,10,562,206,0.3665,3.7,24,22,19,0.0427,0.0338,0.0391,You Count,TRUE,TRUE,36,0.0641
Red,All Too Well,10/22/2012,Taylor Swift,,,Clean,35,FALSE,TRUE,0.142623037,Negative,-0.804505348,TRUE,2,5,5,485,202,0.4165,3.65,23,18,28,0.0474,0.0577,0.0371,I Count,TRUE,TRUE,26,0.0536
Red (Taylor's Version),All Too Well (Taylor’s Version),12/11/2021,Taylor Swift,,,Clean,35,FALSE,TRUE,0.142623037,Negative,-0.804505348,TRUE,2,5,5,485,202,0.4165,3.65,23,18,28,0.0474,0.0577,0.0371,I Count,TRUE,TRUE,26,0.0536
The Tortured Poets Department,loml,4/19/2024,Taylor Swift,,,Explicit,69,FALSE,FALSE,-0.026548758,Negative,-0.348133266,TRUE,2,5,3,386,202,0.5233,3.84,15,7,19,0.0389,0.0492,0.0181,I Count,TRUE,FALSE,27,0.0699
Bigger,Babe (feat. Taylor Swift),4/20/2018,"Sugarland, Taylor Swift",Taylor Swift,,Clean,48,FALSE,TRUE,-0.616080821,Negative,-0.616080821,FALSE,0,0,3,367,93,0.2534,3.45,27,8,15,0.0736,0.0409,0.0218,You Count,TRUE,TRUE,27,0.0736
1989,Bad Blood (feat. Kendrick Lamar),5/17/2015,"Taylor Swift, Kendrick Lamar",Kendrick Lamar,,Clean,59,TRUE,FALSE,-0.648241818,Negative,-0.648241818,FALSE,0,1,23,617,147,0.2382,3.36,38,25,16,0.0616,0.0259,0.0405,You Count,TRUE,TRUE,29,0.047
Red (Taylor's Version),I Bet You Think About Me (feat. Chris Stapleton) (Taylor’s Version) [From the Vault],12/11/2021,"Taylor Swift, Chris Stapleton",Chris Stapleton,,Explicit,32,FALSE,TRUE,0.023322707,Negative,-0.709742904,TRUE,1,4,3,449,193,0.4298,3.5,34,7,25,0.0757,0.0557,0.0156,You Count,TRUE,FALSE,17,0.0379
The Tortured Poets Department,"So Long, London",4/19/2024,Taylor Swift,,,Clean,25,TRUE,FALSE,-0.380782574,Negative,-0.380782574,FALSE,1,4,6,393,187,0.4758,3.61,16,2,25,0.0407,0.0636,0.0051,I Count,TRUE,FALSE,15,0.0382
1989,Blank Space,10/11/2014,Taylor Swift,,,Clean,95,FALSE,FALSE,-0.01988394,Neutral,-0.01988394,FALSE,1,7,4,582,182,0.3127,3.38,32,9,31,0.055,0.0533,0.0155,You Count,TRUE,FALSE,16,0.0275
1989 (Taylor's Version),Blank Space (Taylor’s Version),10/27/2023,Taylor Swift,,,Clean,95,FALSE,FALSE,-0.01988394,Neutral,-0.01988394,FALSE,1,7,4,582,182,0.3127,3.38,32,9,31,0.055,0.0533,0.0155,You Count,TRUE,FALSE,16,0.0275
The Tortured Poets Department: The Anthology,The Bolter,4/19/2024,Taylor Swift,,,Explicit,53,FALSE,FALSE,-0.150789246,Neutral,-0.150789246,FALSE,0,6,6,424,178,0.4198,3.96,2,3,1,0.0047,0.0024,0.0071,We Count,TRUE,FALSE,27,0.0637
Midnights (The Til Dawn Edition),Hits Different,5/26/2023,Taylor Swift,,,Clean,42,FALSE,TRUE,0.228592634,Neutral,-0.348133266,TRUE,0,4,4,473,177,0.3742,3.72,16,1,16,0.0338,0.0338,0.0021,You Count,TRUE,FALSE,20,0.0423
The Life of a Showgirl,CANCELLED!,10/3/2025,Taylor Swift,,,Explicit,48,FALSE,FALSE,-0.047237389,Neutral,-0.047237389,FALSE,0,5,3,410,175,0.4268,3.93,20,4,13,0.0488,0.0317,0.0098,You Count,TRUE,TRUE,11,0.0268
Evermore,Happiness,11/12/2020,Taylor Swift,,,Clean,22,FALSE,FALSE,0.300565809,Negative,-0.348133266,TRUE,1,8,6,450,173,0.3844,3.78,18,1,22,0.04,0.0489,0.0022,I Count,TRUE,FALSE,33,0.0733
Speak Now (Taylor's Version),Better Than Revenge (Taylor’s Version),7/7/2023,Taylor Swift,,,Clean,63,TRUE,TRUE,-0.140781552,Negative,-0.648241818,TRUE,0,4,3,571,173,0.303,3.61,36,0,19,0.063,0.0333,0,You Count,TRUE,FALSE,12,0.021
Midnights (3am Edition),The Great War,10/21/2022,Taylor Swift,,,Clean,42,FALSE,TRUE,-0.250961244,Neutral,-0.250961244,FALSE,4,5,8,365,171,0.4685,4.01,11,10,16,0.0301,0.0438,0.0274,I Count,TRUE,FALSE,14,0.0384
Fearless,The Best Day,11/11/2008,Taylor Swift,,,Clean,43,FALSE,FALSE,0.52260685,Positive,0.42260685,TRUE,2,7,4,374,171,0.4572,3.36,14,4,32,0.0374,0.0856,0.0107,I Count,TRUE,FALSE,24,0.0642
Fearless (Taylor's Version),The Best Day (Taylor’s Version),9/4/2021,Taylor Swift,,,Clean,43,FALSE,FALSE,0.52260685,Positive,0.42260685,TRUE,2,7,4,374,171,0.4572,3.36,14,4,32,0.0374,0.0856,0.0107,I Count,TRUE,FALSE,24,0.0642
Fearless,Fifteen,8/31/2009,Taylor Swift,,,Clean,44,FALSE,TRUE,0.516082823,Positive,0.516082823,FALSE,0,1,6,435,171,0.3931,3.61,39,4,8,0.0897,0.0184,0.0092,You Count,TRUE,FALSE,40,0.092
Fearless (Taylor's Version),Fifteen (Taylor’s Version),9/4/2021,Taylor Swift,,,Clean,44,FALSE,TRUE,0.516082823,Positive,0.516082823,FALSE,0,1,6,435,171,0.3931,3.61,39,4,8,0.0897,0.0184,0.0092,You Count,TRUE,FALSE,40,0.092
1989 (Taylor's Version),Bad Blood (feat. Kendrick Lamar) (Taylor’s Version),11/6/2023,"Taylor Swift, Kendrick Lamar",Kendrick Lamar,,Clean,59,TRUE,FALSE,-0.648241818,Negative,-0.648241818,FALSE,0,1,23,617,147,0.2382,3.36,38,25,16,0.0616,0.0259,0.0405,You Count,TRUE,TRUE,29,0.047
The Tortured Poets Department,Guilty as Sin?,4/19/2024,Taylor Swift,,,Clean,56,FALSE,TRUE,-0.460549444,Negative,-0.460549444,FALSE,1,5,14,375,170,0.4533,3.67,3,4,18,0.008,0.048,0.0107,I Count,TRUE,FALSE,10,0.0267
Speak Now,Better than Revenge,10/25/2010,Taylor Swift,,,Clean,62,TRUE,TRUE,-0.140854374,Negative,-0.648241818,TRUE,0,1,2,559,170,0.3041,3.64,33,0,19,0.059,0.034,0,You Count,TRUE,FALSE,12,0.0215
The Tortured Poets Department: The Anthology,I Hate It Here,4/19/2024,Taylor Swift,,,Clean,61,FALSE,TRUE,-0.474118143,Negative,-0.474118143,FALSE,0,3,3,427,170,0.3981,3.53,4,3,38,0.0094,0.089,0.007,I Count,TRUE,FALSE,16,0.0375
Speak Now,Dear John,10/25/2010,Taylor Swift,,,Clean,34,FALSE,TRUE,-0.634539604,Negative,-0.634539604,FALSE,1,4,3,400,169,0.4225,3.56,26,3,22,0.065,0.055,0.0075,You Count,TRUE,FALSE,25,0.0625
Speak Now (Taylor's Version),Dear John (Taylor’s Version),7/7/2023,Taylor Swift,,,Clean,34,FALSE,TRUE,-0.634539604,Negative,-0.634539604,FALSE,1,4,3,400,169,0.4225,3.56,26,3,22,0.065,0.055,0.0075,You Count,TRUE,FALSE,25,0.0625
The Tortured Poets Department: The Anthology,thanK you aIMee,4/19/2024,Taylor Swift,,,Explicit,44,FALSE,TRUE,-0.075550213,Negative,-0.609742904,TRUE,2,6,6,426,167,0.392,3.75,23,6,20,0.054,0.0469,0.0141,You Count,TRUE,TRUE,23,0.054
The Tortured Poets Department,The Smallest Man Who Ever Lived,4/19/2024,Taylor Swift,,,Explicit,40,FALSE,TRUE,-0.804505348,Negative,-0.804505348,FALSE,0,4,2,330,166,0.503,3.73,26,7,11,0.0788,0.0333,0.0212,You Count,TRUE,FALSE,12,0.0364
Midnights,You're Losing Me,11/29/2023,Taylor Swift,,,Clean,28,FALSE,TRUE,-0.594530284,Negative,-0.594530284,FALSE,1,1,8,437,165,0.3776,3.56,36,8,21,0.0824,0.0481,0.0183,You Count,TRUE,TRUE,6,0.0137
Fearless (Taylor's Version),Breathe (Taylor’s Version) [feat. Colbie Caillat],9/4/2021,"Taylor Swift, Colbie Caillat",Colbie Caillat,,Clean,17,FALSE,TRUE,-0.549116313,Negative,-0.549116313,FALSE,0,1,5,341,111,0.3255,3.35,16,5,25,0.0469,0.0733,0.0147,I Count,TRUE,TRUE,20,0.0587
Speak Now (Taylor's Version),Foolish One (Taylor’s Version) [From the Vault],7/7/2023,Taylor Swift,,,Clean,28,FALSE,TRUE,-0.185615376,Neutral,-0.185615376,FALSE,0,0,8,498,164,0.3293,3.86,24,2,11,0.0482,0.0221,0.004,You Count,TRUE,TRUE,31,0.0622
Speak Now,Long Live,10/25/2010,Taylor Swift,,,Clean,39,FALSE,FALSE,0.632635057,Positive,0.632635057,FALSE,0,5,5,444,162,0.3649,3.92,13,19,13,0.0293,0.0293,0.0428,We Count,TRUE,FALSE,25,0.0563
Speak Now (Taylor's Version),Long Live (Taylor’s Version),7/7/2023,Taylor Swift,,,Clean,39,FALSE,FALSE,0.632635057,Positive,0.632635057,FALSE,0,5,5,444,162,0.3649,3.92,13,19,13,0.0293,0.0293,0.0428,We Count,TRUE,FALSE,25,0.0563
Fearless (Taylor's Version),Mr. Perfectly Fine (Taylor’s Version) [From the Vault],7/4/2021,Taylor Swift,,,Clean,42,FALSE,TRUE,0.267716318,Negative,-0.616080821,TRUE,0,2,10,441,162,0.3673,3.72,20,2,14,0.0454,0.0317,0.0045,You Count,TRUE,TRUE,28,0.0635
Folklore,Betty,7/27/2020,Taylor Swift,,,Explicit,61,FALSE,TRUE,-0.238792464,Neutral,-0.238792464,FALSE,0,7,1,470,162,0.3447,3.54,32,0,40,0.0681,0.0851,0,I Count,TRUE,TRUE,23,0.0489
Evermore,Champagne Problems,11/12/2020,Taylor Swift,,,Clean,38,FALSE,TRUE,-0.503070414,Negative,-0.503070414,FALSE,0,0,6,305,162,0.5311,4.19,16,3,7,0.0525,0.023,0.0098,You Count,TRUE,FALSE,15,0.0492
Folklore,The Last Great American Dynasty,7/24/2020,Taylor Swift,,,Clean,37,FALSE,TRUE,-0.331755579,Negative,-0.331755579,FALSE,2,6,1,334,161,0.482,4.15,0,1,4,0,0.012,0.003,I Count,TRUE,FALSE,18,0.0539
Midnights,"You're on Your Own, Kid",10/21/2022,Taylor Swift,,,Clean,9,FALSE,FALSE,0.329154253,Neutral,0.329154253,FALSE,0,3,7,316,161,0.5095,3.79,14,2,20,0.0443,0.0633,0.0063,I Count,TRUE,TRUE,11,0.0348
Lover,Miss Americana & The Heartbreak Prince,8/23/2019,Taylor Swift,,,Clean,65,FALSE,TRUE,-0.396251291,Neutral,-0.293317407,TRUE,5,3,1,557,160,0.2873,3.67,35,8,29,0.0628,0.0521,0.0144,You Count,TRUE,TRUE,12,0.0215
Reputation,Getaway Car,10/11/2017,Taylor Swift,,,Clean,60,TRUE,TRUE,-0.318715304,Neutral,-0.318715304,FALSE,3,1,5,587,160,0.2726,3.51,14,29,22,0.0239,0.0375,0.0494,We Count,TRUE,TRUE,16,0.0273
The Tortured Poets Department,Who's Afraid of Little Old Me?,4/19/2024,Taylor Swift,,,Clean,31,FALSE,TRUE,-0.382380903,Negative,-0.382380903,FALSE,0,0,3,468,160,0.3419,3.5,37,5,23,0.0791,0.0491,0.0107,You Count,TRUE,TRUE,14,0.0299
Speak Now (Taylor's Version),Castles Crumbling (Feat. Hayley Williams) (Taylor'S Version) (From The Vault),7/7/2023,"Taylor Swift, Hayley Williams",Hayley Williams,,Clean,37,TRUE,TRUE,-0.317186207,Neutral,-0.317186207,FALSE,1,0,2,333,127,0.3814,3.45,11,0,29,0.033,0.0871,0,I Count,TRUE,TRUE,23,0.0691
The Tortured Poets Department: The Anthology,Imgonnagetyouback,4/19/2024,Taylor Swift,,,Clean,45,TRUE,TRUE,0.075794861,Neutral,0.075794861,FALSE,2,0,16,447,155,0.3468,3.51,37,5,43,0.0828,0.0962,0.0112,I Count,TRUE,FALSE,21,0.047
Speak Now,Never Grow Up,10/25/2010,Taylor Swift,,,Clean,58,FALSE,TRUE,-0.010699946,Neutral,-0.010699946,FALSE,0,1,5,485,154,0.3175,3.56,32,0,18,0.066,0.0371,0,You Count,TRUE,TRUE,22,0.0454
Speak Now (Taylor's Version),Never Grow Up (Taylor’s Version),7/7/2023,Taylor Swift,,,Clean,58,FALSE,TRUE,-0.010699946,Neutral,-0.010699946,FALSE,0,1,5,485,154,0.3175,3.56,32,0,18,0.066,0.0371,0,You Count,TRUE,TRUE,22,0.0454
Speak Now,The Story of Us,4/19/2011,Taylor Swift,,,Clean,54,FALSE,TRUE,-0.293317407,Neutral,-0.293317407,FALSE,0,0,1,488,154,0.3156,3.35,17,10,29,0.0348,0.0594,0.0205,I Count,TRUE,TRUE,22,0.0451
Speak Now (Taylor's Version),The Story of Us (Taylor’s Version),7/7/2023,Taylor Swift,,,Clean,54,FALSE,TRUE,-0.293317407,Neutral,-0.293317407,FALSE,0,0,1,488,154,0.3156,3.35,17,10,29,0.0348,0.0594,0.0205,I Count,TRUE,TRUE,22,0.0451
Speak Now,Mine,4/8/2010,Taylor Swift,,,Clean,39,TRUE,TRUE,0.51539284,Positive,0.51539284,FALSE,0,0,5,435,152,0.3494,3.58,26,13,15,0.0598,0.0345,0.0299,You Count,TRUE,TRUE,18,0.0414
Speak Now (Taylor's Version),Mine (Taylor’s Version),7/7/2023,Taylor Swift,,,Clean,39,TRUE,TRUE,0.51539284,Positive,0.51539284,FALSE,0,0,5,435,152,0.3494,3.58,26,13,15,0.0598,0.0345,0.0299,You Count,TRUE,TRUE,18,0.0414
Folklore,Invisible String,7/24/2020,Taylor Swift,,,Clean,37,FALSE,TRUE,0.443800688,Positive,0.443800688,FALSE,6,4,3,322,151,0.4689,3.77,8,3,8,0.0248,0.0248,0.0093,You Count,TRUE,FALSE,16,0.0497
Evermore,Coney Island (feat. The National),11/12/2020,"Taylor Swift, The National",The National,,Clean,54,FALSE,TRUE,-0.361566663,Negative,-0.361566663,FALSE,2,7,6,399,164,0.411,3.94,20,6,15,0.0501,0.0376,0.015,You Count,TRUE,FALSE,25,0.0627
Reputation,Call It What You Want,3/11/2017,Taylor Swift,,,Clean,61,FALSE,TRUE,0.2742275,Neutral,0.2742275,FALSE,0,8,8,540,151,0.2796,3.48,38,0,21,0.0704,0.0389,0,You Count,TRUE,TRUE,18,0.0333
Evermore,Tis the Damn Season,11/12/2020,Taylor Swift,,,Clean,45,FALSE,TRUE,0.158044726,Neutral,0.158044726,FALSE,0,0,2,431,151,0.3503,3.52,17,7,21,0.0394,0.0487,0.0162,I Count,TRUE,FALSE,22,0.051
The Tortured Poets Department: The Anthology,The Black Dog,4/19/2024,Taylor Swift,,,Explicit,45,FALSE,TRUE,-0.667702734,Negative,-0.667702734,FALSE,3,5,3,310,150,0.4839,3.81,14,1,17,0.0452,0.0548,0.0032,I Count,TRUE,FALSE,18,0.0581
Speak Now,Last Kiss,10/25/2010,Taylor Swift,,,Clean,23,FALSE,TRUE,0.255736351,Negative,-0.743227422,TRUE,0,3,10,430,150,0.3488,3.5,22,6,34,0.0512,0.0791,0.014,I Count,TRUE,TRUE,28,0.0651
Speak Now (Taylor's Version),Last Kiss (Taylor’s Version),7/7/2023,Taylor Swift,,,Clean,23,FALSE,TRUE,0.255736351,Negative,-0.743227422,TRUE,0,3,10,430,150,0.3488,3.5,22,6,34,0.0512,0.0791,0.014,I Count,TRUE,TRUE,28,0.0651
Evermore,Long Story Short,11/12/2020,Taylor Swift,,,Clean,36,FALSE,TRUE,0.300499469,Neutral,0.300499469,FALSE,1,7,4,422,149,0.3531,3.61,20,1,29,0.0474,0.0687,0.0024,I Count,TRUE,FALSE,20,0.0474
The Life of a Showgirl,Eldest Daughter,10/3/2025,Taylor Swift,,,Explicit,43,FALSE,TRUE,-0.366474688,Negative,-0.366474688,FALSE,0,5,3,387,149,0.385,3.81,14,7,30,0.0362,0.0775,0.0181,I Count,TRUE,TRUE,41,0.1059
Midnights (3am Edition),"Would've, Could've, Should've",10/21/2022,Taylor Swift,,,Clean,53,FALSE,TRUE,-0.569145799,Negative,-0.569145799,FALSE,0,0,4,543,149,0.2744,3.46,24,0,48,0.0442,0.0884,0,I Count,TRUE,TRUE,28,0.0516
Speak Now,Speak Now,10/25/2010,Taylor Swift,,,Clean,37,FALSE,FALSE,-0.141109556,Neutral,-0.141109556,FALSE,2,0,8,458,148,0.3231,3.43,21,1,18,0.0459,0.0393,0.0022,You Count,TRUE,TRUE,23,0.0502
Speak Now (Taylor's Version),Speak Now (Taylor’s Version),7/7/2023,Taylor Swift,,,Clean,37,FALSE,FALSE,-0.141109556,Neutral,-0.141109556,FALSE,2,0,8,458,148,0.3231,3.43,21,1,18,0.0459,0.0393,0.0022,You Count,TRUE,TRUE,23,0.0502
Speak Now,Back to December,11/15/2010,Taylor Swift,,,Clean,65,FALSE,TRUE,0.033373956,Negative,-0.348133266,TRUE,0,3,15,443,148,0.3341,3.65,20,5,35,0.0451,0.079,0.0113,I Count,TRUE,TRUE,40,0.0903
Speak Now (Taylor's Version),Back to December (Taylor’s Version),7/7/2023,Taylor Swift,,,Clean,65,FALSE,TRUE,0.033373956,Negative,-0.348133266,TRUE,0,3,15,443,148,0.3341,3.65,20,5,35,0.0451,0.079,0.0113,I Count,TRUE,TRUE,40,0.0903
The Tortured Poets Department,The Tortured Poets Department,4/19/2024,Taylor Swift,,,Explicit,45,FALSE,TRUE,-0.40145278,Negative,-0.40145278,FALSE,1,1,8,458,147,0.321,3.73,46,6,16,0.1004,0.0349,0.0131,You Count,TRUE,FALSE,8,0.0175
Fearless,You Belong with Me,4/20/2009,Taylor Swift,,,Clean,28,FALSE,TRUE,0.22811842,Neutral,0.22811842,FALSE,0,1,3,429,147,0.3427,3.59,41,0,19,0.0956,0.0443,0,You Count,TRUE,TRUE,18,0.042
Fearless (Taylor's Version),You Belong with Me (Taylor’s Version),9/4/2021,Taylor Swift,,,Clean,28,FALSE,TRUE,0.22811842,Neutral,0.22811842,FALSE,0,1,3,429,147,0.3427,3.59,41,0,19,0.0956,0.0443,0,You Count,TRUE,TRUE,18,0.042
The Tortured Poets Department: The Anthology,Peter,4/19/2024,Taylor Swift,,,Clean,56,FALSE,FALSE,0.042442337,Neutral,0.042442337,FALSE,0,8,2,449,147,0.3274,3.83,37,31,10,0.0824,0.0223,0.069,You Count,TRUE,TRUE,31,0.069
Speak Now (Taylor's Version),Electric Touch (feat. Fall Out Boy) (Taylor’s Version) [From the Vault],7/7/2023,"Taylor Swift, Fall Out Boy",Fall Out Boy,,Clean,47,FALSE,FALSE,0.131454319,Neutral,0.131454319,FALSE,0,3,8,352,127,0.3608,3.7,10,0,18,0.0284,0.0511,0,I Count,TRUE,FALSE,36,0.1023
Reputation,End Game (feat. Ed Sheeran & Future),10/11/2017,"Taylor Swift. Ed Sheeran, Future",Ed Sheeran,Future,Clean,27,FALSE,FALSE,0.179956228,Neutral,0.179956228,FALSE,2,3,6,753,199,0.2643,3.41,35,10,65,0.0465,0.0863,0.0133,I Count,FALSE,TRUE,13,0.0173
Evermore,Ivy,11/12/2020,Taylor Swift,,,Clean,43,FALSE,FALSE,-0.364119738,Negative,-0.364119738,FALSE,0,21,8,396,146,0.3687,3.56,17,2,16,0.0429,0.0404,0.0051,You Count,TRUE,TRUE,15,0.0379
The Tortured Poets Department: The Anthology,So High School,4/19/2024,Taylor Swift,,,Clean,39,FALSE,FALSE,0.369026572,Positive,0.369026572,FALSE,2,0,8,420,145,0.3452,3.75,27,0,23,0.0643,0.0548,0,You Count,FALSE,TRUE,30,0.0714
Fearless (Taylor's Version),The Other Side of the Door (Taylor’s Version),9/4/2021,Taylor Swift,,,Clean,51,FALSE,TRUE,-0.293110788,Neutral,-0.293110788,FALSE,2,3,6,390,145,0.3718,3.66,21,2,39,0.0538,0.1,0.0051,I Count,TRUE,TRUE,8,0.0205
Fearless (Platinum Edition),The Other Side of the Door,10/26/2009,Taylor Swift,,,Clean,51,FALSE,TRUE,-0.302089751,Neutral,-0.302089751,FALSE,2,3,6,390,145,0.3718,3.66,21,2,39,0.0538,0.1,0.0051,I Count,TRUE,TRUE,8,0.0205
Speak Now (Taylor's Version),When Emma Falls in Love (Taylor’s Version) [From the Vault],7/7/2023,Taylor Swift,,,Clean,,FALSE,TRUE,0.09120284,Neutral,0.09120284,FALSE,0,4,5,403,145,0.3598,3.48,9,2,11,0.0223,0.0273,0.005,I Count,TRUE,FALSE,19,0.0471
The Tortured Poets Department: The Anthology,The Manuscript,4/19/2024,Taylor Swift,,,Clean,0,FALSE,TRUE,-0.116936319,Neutral,-0.116936319,FALSE,0,1,2,249,145,0.5823,3.97,4,2,3,0.0161,0.012,0.008,You Count,TRUE,FALSE,15,0.0602
The Life of a Showgirl,Father Figure,10/3/2025,Taylor Swift,,,Explicit,38,FALSE,TRUE,-0.020044554,Negative,-0.452009976,TRUE,4,0,0,366,144,0.3934,3.89,19,2,24,0.0519,0.0656,0.0055,I Count,TRUE,FALSE,4,0.0109
Lover,London Boy,8/23/2019,Taylor Swift,,,Clean,62,TRUE,TRUE,0.894188046,Positive,0.894188046,FALSE,2,2,9,449,144,0.3207,3.61,28,2,35,0.0624,0.078,0.0045,I Count,TRUE,TRUE,10,0.0223
Fearless,Love Story,9/15/2008,Taylor Swift,,,Clean,35,FALSE,TRUE,0.298309773,Neutral,0.298309773,FALSE,2,2,3,402,144,0.3582,3.43,19,14,24,0.0473,0.0597,0.0348,I Count,TRUE,TRUE,9,0.0224
Fearless (Taylor's Version),Love Story (Taylor’s Version),12/2/2021,Taylor Swift,,,Clean,35,FALSE,TRUE,0.298309773,Neutral,0.298309773,FALSE,2,2,3,402,144,0.3582,3.43,19,14,24,0.0473,0.0597,0.0348,I Count,TRUE,TRUE,9,0.0224
The Life of a Showgirl,Ruin the Friendship,10/3/2025,Taylor Swift,,,Clean,30,FALSE,TRUE,-0.094790049,Neutral,-0.094790049,FALSE,1,3,3,344,144,0.4186,4.1,16,3,5,0.0465,0.0145,0.0087,You Count,TRUE,FALSE,11,0.032
The Tortured Poets Department: The Anthology,The Prophecy,4/19/2024,Taylor Swift,,,Clean,37,TRUE,TRUE,-0.361636698,Negative,-0.361636698,FALSE,0,6,7,375,144,0.384,3.67,0,0,23,0,0.0613,0,I Count,TRUE,FALSE,13,0.0347
The Tortured Poets Department,Fresh Out the Slammer,4/19/2024,Taylor Swift,,,Clean,27,TRUE,TRUE,0.161668718,Neutral,0.161668718,FALSE,2,5,3,288,143,0.4965,3.76,4,2,17,0.0139,0.059,0.0069,I Count,TRUE,TRUE,21,0.0729
The Tortured Poets Department: The Anthology,Chloe or Sam or Sophia or Marcus,4/19/2024,Taylor Swift,,,Clean,30,FALSE,TRUE,-0.268072069,Negative,-0.594530284,TRUE,2,3,8,322,143,0.4441,3.91,26,3,11,0.0807,0.0342,0.0093,You Count,TRUE,FALSE,12,0.0373
Taylor Swift (2006),Mary's Song (Oh My My My),10/24/2006,Taylor Swift,,,Clean,58,FALSE,TRUE,0.586484671,Positive,0.586484671,FALSE,0,9,9,340,143,0.4206,3.52,17,11,12,0.05,0.0353,0.0324,You Count,TRUE,FALSE,31,0.0912
Midnights,Anti-Hero,10/21/2022,Taylor Swift,,,Clean,32,FALSE,FALSE,-0.550556779,Negative,-0.550556779,FALSE,0,4,1,368,143,0.3886,3.74,4,0,24,0.0109,0.0652,0,I Count,TRUE,TRUE,23,0.0625
Lover,Daylight,8/23/2019,Taylor Swift,,,Clean,44,FALSE,TRUE,-0.011228454,Positive,0.405485392,TRUE,8,42,3,506,142,0.2806,3.79,12,0,54,0.0237,0.1067,0,I Count,TRUE,TRUE,39,0.0771
1989 (Taylor's Version),Is It Over Now? (Taylor’s Version) [From the Vault],10/27/2023,Taylor Swift,,,Clean,42,TRUE,TRUE,-0.097900525,Neutral,-0.097900525,FALSE,5,2,10,441,142,0.322,3.64,17,2,15,0.0385,0.034,0.0045,You Count,TRUE,TRUE,27,0.0612
Midnights,Question...?,10/21/2022,Taylor Swift,,,Explicit,84,TRUE,FALSE,-0.13709864,Neutral,-0.13709864,FALSE,1,1,1,450,142,0.3156,3.71,38,5,15,0.0844,0.0333,0.0111,You Count,TRUE,FALSE,39,0.0867
Red (Taylor's Version),Ronan (Taylor’s Version),12/11/2021,Taylor Swift,,,Clean,17,FALSE,TRUE,0.315636635,Neutral,0.315636635,FALSE,2,3,9,314,141,0.449,3.78,15,11,16,0.0478,0.051,0.035,I Count,TRUE,FALSE,17,0.0541
Folklore,My Tears Ricochet,7/24/2020,Taylor Swift,,,Clean,42,FALSE,FALSE,-0.452009976,Negative,-0.452009976,FALSE,0,4,4,325,141,0.4338,3.5,25,3,23,0.0769,0.0708,0.0092,You Count,TRUE,FALSE,10,0.0308
Reputation,This Is Why We Can't Have Nice Things,10/11/2017,Taylor Swift,,,Clean,50,FALSE,FALSE,-0.465863317,Negative,-0.465863317,FALSE,0,2,4,452,141,0.3119,3.47,22,11,13,0.0487,0.0288,0.0243,You Count,TRUE,TRUE,5,0.0111
Speak Now,Enchanted,10/25/2010,Taylor Swift,,,Clean,29,FALSE,TRUE,0.674012065,Positive,0.674012065,FALSE,0,0,5,419,140,0.3341,3.88,27,2,28,0.0644,0.0668,0.0048,I Count,TRUE,FALSE,18,0.043
Speak Now (Taylor's Version),Enchanted (Taylor’s Version),7/7/2023,Taylor Swift,,,Clean,29,FALSE,TRUE,0.674012065,Positive,0.674012065,FALSE,0,0,5,419,140,0.3341,3.88,27,2,28,0.0644,0.0668,0.0048,I Count,TRUE,FALSE,18,0.043
The Tortured Poets Department,I Can Do It with a Broken Heart,4/19/2024,Taylor Swift,,,Explicit,49,FALSE,TRUE,0.386011362,Negative,-0.465863317,TRUE,0,1,6,414,140,0.3382,3.48,17,0,36,0.0411,0.087,0,I Count,FALSE,TRUE,26,0.0628
Evermore,Evermore (feat. Bon Iver),11/12/2020,"Taylor Swift, Bon Iver",Bon Iver,,Clean,32,FALSE,TRUE,-0.354660869,Neutral,-0.293317407,TRUE,1,13,3,359,135,0.376,3.78,4,6,22,0.0111,0.0613,0.0167,I Count,TRUE,FALSE,14,0.039
Lover,Death by a Thousand Cuts,8/23/2019,Taylor Swift,,,Clean,61,TRUE,TRUE,-0.389214605,Negative,-0.389214605,FALSE,0,0,5,470,139,0.2957,3.4,10,5,21,0.0213,0.0447,0.0106,I Count,TRUE,FALSE,17,0.0362
Midnights (3am Edition),Paris,10/21/2022,Taylor Swift,,,Clean,20,FALSE,FALSE,0.181269869,Positive,0.369026572,TRUE,0,1,0,323,138,0.4272,3.94,5,32,13,0.0155,0.0402,0.0991,We Count,TRUE,TRUE,3,0.0093
Speak Now (Deluxe Edition),If This Was a Movie,8/11/2011,Taylor Swift,,,Clean,66,FALSE,TRUE,-0.041310124,Neutral,-0.041310124,FALSE,0,3,30,469,138,0.2942,3.54,38,5,24,0.081,0.0512,0.0107,You Count,TRUE,FALSE,25,0.0533
Lover,Cruel Summer,8/23/2019,Taylor Swift,,,Clean,43,TRUE,TRUE,0.013974148,Neutral,0.013974148,FALSE,3,13,9,495,137,0.2768,3.29,19,3,30,0.0384,0.0606,0.0061,I Count,TRUE,TRUE,18,0.0364
Red (Deluxe Edition),The Moment I Knew,10/22/2012,Taylor Swift,,,Clean,43,FALSE,TRUE,-0.039201695,Neutral,-0.348133266,TRUE,3,2,3,376,137,0.3644,3.65,14,0,19,0.0372,0.0505,0,I Count,TRUE,FALSE,21,0.0559
Red (Taylor's Version),The Moment I Knew (Taylor’s Version),12/11/2021,Taylor Swift,,,Clean,43,FALSE,TRUE,-0.039201695,Neutral,-0.348133266,TRUE,3,2,3,376,137,0.3644,3.65,14,0,19,0.0372,0.0505,0,I Count,TRUE,FALSE,21,0.0559
1989 (Deluxe),Wonderland,10/27/2014,Taylor Swift,,,Clean,39,FALSE,FALSE,0.292931736,Neutral,0.292931736,FALSE,2,2,6,475,137,0.2884,3.56,17,19,14,0.0358,0.0295,0.04,We Count,TRUE,TRUE,18,0.0379
1989 (Taylor's Version),Wonderland (Taylor’s Version),10/27/2023,Taylor Swift,,,Clean,39,FALSE,FALSE,0.292931736,Neutral,0.292931736,FALSE,2,2,6,475,137,0.2884,3.56,17,19,14,0.0358,0.0295,0.04,We Count,TRUE,TRUE,18,0.0379
Midnights,Bejeweled,10/25/2022,Taylor Swift,,,Clean,69,FALSE,TRUE,0.495888233,Positive,0.495888233,FALSE,1,1,7,449,137,0.3051,3.6,14,2,42,0.0312,0.0935,0.0045,I Count,TRUE,FALSE,29,0.0646
Midnights,Mastermind,10/21/2022,Taylor Swift,,,Clean,59,FALSE,FALSE,0.30181247,Neutral,0.30181247,FALSE,0,2,3,352,137,0.3892,3.63,19,2,24,0.054,0.0682,0.0057,I Count,TRUE,TRUE,15,0.0426
The Life of a Showgirl,Opalite,10/3/2025,Taylor Swift,,,Clean,57,FALSE,FALSE,-0.038509645,Positive,0.405485392,TRUE,0,14,0,428,137,0.3201,3.47,26,9,6,0.0607,0.014,0.021,You Count,TRUE,TRUE,30,0.0701
Taylor Swift (2006),Our Song,8/22/2007,Taylor Swift,,,Clean,68,FALSE,TRUE,-0.078431636,Neutral,-0.078431636,FALSE,0,1,4,391,137,0.3504,3.49,4,5,22,0.0102,0.0563,0.0128,I Count,TRUE,FALSE,23,0.0588
Lover,Paper Rings,8/23/2019,Taylor Swift,,,Clean,56,FALSE,TRUE,0.406014293,Positive,0.406014293,FALSE,1,5,4,523,135,0.2581,3.55,30,8,42,0.0574,0.0803,0.0153,I Count,TRUE,TRUE,52,0.0994
Folklore,Cardigan,7/24/2020,Taylor Swift,,,Clean,25,FALSE,FALSE,0.185829118,Neutral,0.185829118,FALSE,1,3,6,353,135,0.3824,3.71,28,1,32,0.0793,0.0907,0.0028,I Count,TRUE,FALSE,26,0.0737
The Tortured Poets Department,Clara Bow,4/19/2024,Taylor Swift,,,Clean,25,FALSE,TRUE,0.172951818,Neutral,0.172951818,FALSE,1,5,7,265,135,0.5094,3.82,11,2,10,0.0415,0.0377,0.0075,You Count,TRUE,TRUE,7,0.0264
Folklore,Exile (feat. Bon Iver),7/24/2020,"Taylor Swift, Bon Iver",Bon Iver,,Clean,42,FALSE,TRUE,-0.743227422,Negative,-0.743227422,FALSE,0,1,4,487,128,0.2628,3.62,28,5,39,0.0575,0.0801,0.0103,I Count,TRUE,FALSE,37,0.076
The Tortured Poets Department: The Anthology,How Did It End?,4/19/2024,Taylor Swift,,,Clean,29,TRUE,FALSE,-0.484187365,Negative,-0.484187365,FALSE,0,2,0,245,135,0.551,3.98,1,10,4,0.0041,0.0163,0.0408,We Count,TRUE,TRUE,14,0.0571
The Life of a Showgirl,Elizabeth Taylor,10/3/2025,Taylor Swift,,,Clean,68,TRUE,TRUE,0.29390642,Neutral,0.29390642,FALSE,7,4,3,470,134,0.2851,3.51,24,1,27,0.0511,0.0574,0.0021,I Count,TRUE,TRUE,33,0.0702
1989 (Deluxe),New Romantics,10/27/2014,Taylor Swift,,,Clean,75,FALSE,FALSE,0.496620804,Positive,0.496620804,FALSE,2,0,12,984,134,0.1362,3.51,0,54,10,0,0.0102,0.0549,We Count,TRUE,FALSE,34,0.0346
1989 (Taylor's Version),New Romantics (Taylor's Version),10/27/2023,Taylor Swift,,,Clean,75,FALSE,FALSE,0.496620804,Positive,0.496620804,FALSE,2,0,12,984,134,0.1362,3.51,0,54,10,0,0.0102,0.0549,We Count,TRUE,FALSE,34,0.0346
Fearless,Hey Stephen,11/11/2008,Taylor Swift,,,Clean,47,TRUE,TRUE,0.523314357,Positive,0.523314357,FALSE,0,6,1,443,134,0.3025,3.3,26,4,37,0.0587,0.0835,0.009,I Count,TRUE,FALSE,13,0.0293
Fearless (Taylor's Version),Hey Stephen (Taylor’s Version),9/4/2021,Taylor Swift,,,Clean,47,TRUE,TRUE,0.523314357,Positive,0.523314357,FALSE,0,6,1,443,134,0.3025,3.3,26,4,37,0.0587,0.0835,0.009,I Count,TRUE,FALSE,13,0.0293
The Tortured Poets Department,My Boy Only Breaks His Favorite Toys,4/19/2024,Taylor Swift,,,Clean,50,FALSE,TRUE,0.167311326,Negative,-0.484187365,TRUE,0,4,3,316,134,0.4241,3.36,3,3,16,0.0095,0.0506,0.0095,I Count,TRUE,TRUE,13,0.0411
Lover,Cornelia Street,8/23/2019,Taylor Swift,,,Clean,66,FALSE,TRUE,-0.019090455,Neutral,-0.019090455,FALSE,0,2,6,405,134,0.3309,3.97,13,11,36,0.0321,0.0889,0.0272,I Count,TRUE,TRUE,43,0.1062
Speak Now,Mean,3/13/2011,Taylor Swift,,,Clean,41,FALSE,FALSE,-0.810999513,Negative,-0.810999513,FALSE,0,0,2,436,134,0.3073,3.43,39,1,17,0.0894,0.039,0.0023,You Count,TRUE,TRUE,11,0.0252
Speak Now (Taylor's Version),Mean (Taylor’s Version),7/7/2023,Taylor Swift,,,Clean,41,FALSE,FALSE,-0.810999513,Negative,-0.810999513,FALSE,0,0,2,436,134,0.3073,3.43,39,1,17,0.0894,0.039,0.0023,You Count,TRUE,TRUE,11,0.0252
1989 (Taylor's Version),Slut! (Taylor’s Version) [From the Vault],10/27/2023,Taylor Swift,,,Clean,44,FALSE,TRUE,0.257523835,Neutral,0.257523835,FALSE,2,7,4,361,133,0.3684,3.49,11,6,15,0.0305,0.0416,0.0166,I Count,TRUE,TRUE,11,0.0305
The Tortured Poets Department: The Anthology,The Albatross,4/19/2024,Taylor Swift,,,Clean,17,FALSE,TRUE,-0.770423412,Negative,-0.770423412,FALSE,1,6,4,259,133,0.5135,4.06,18,1,8,0.0695,0.0309,0.0039,You Count,TRUE,FALSE,9,0.0347
The Life of a Showgirl,Actually Romantic,10/3/2025,Taylor Swift,,,Explicit,40,FALSE,TRUE,0.421144217,Negative,-0.465863317,TRUE,0,2,4,315,133,0.4222,3.56,24,1,7,0.0762,0.0222,0.0032,You Count,TRUE,FALSE,8,0.0254
Red (Taylor's Version),Forever Winter (Taylor’s Version) [From the Vault],12/11/2021,Taylor Swift,,,Clean,40,FALSE,TRUE,-0.020136949,Neutral,-0.020136949,FALSE,0,16,2,381,133,0.3491,3.51,15,3,22,0.0394,0.0577,0.0079,I Count,TRUE,TRUE,38,0.0997
1989 (Taylor's Version),Suburban Legends (Taylor’s Version) [From the Vault],10/27/2023,Taylor Swift,,,Clean,35,FALSE,TRUE,-0.209035635,Neutral,-0.209035635,FALSE,0,6,4,318,133,0.4182,3.72,18,10,16,0.0566,0.0503,0.0314,You Count,FALSE,FALSE,17,0.0535
The Life of a Showgirl,Honey,10/3/2025,Taylor Swift,,,Explicit,56,TRUE,TRUE,0.198588729,Neutral,-0.198588729,TRUE,4,1,10,436,132,0.3028,3.83,27,6,8,0.0619,0.0183,0.0138,You Count,FALSE,TRUE,19,0.0436
The Tortured Poets Department,The Alchemy,4/19/2024,Taylor Swift,,,Clean,46,FALSE,TRUE,0.167695522,Neutral,0.167695522,FALSE,2,0,8,380,132,0.3474,3.74,5,8,15,0.0132,0.0395,0.0211,I Count,TRUE,FALSE,16,0.0421
Evermore,Tolerate It,11/12/2020,Taylor Swift,,,Explicit,56,FALSE,TRUE,0.280626893,Negative,-0.704667509,TRUE,0,1,7,331,132,0.3988,3.51,18,1,28,0.0544,0.0846,0.003,I Count,TRUE,FALSE,14,0.0423
Speak Now (Deluxe Edition),Ours,5/11/2011,Taylor Swift,,,Clean,33,FALSE,FALSE,0.15286468,Neutral,0.15286468,FALSE,0,5,4,319,132,0.4138,3.92,13,2,4,0.0408,0.0125,0.0063,You Count,TRUE,FALSE,7,0.0219
Speak Now (Taylor's Version),Ours (Taylor’s Version),7/7/2023,Taylor Swift,,,Clean,33,FALSE,FALSE,0.15286468,Neutral,0.15286468,FALSE,0,5,4,319,132,0.4138,3.92,13,2,4,0.0408,0.0125,0.0063,You Count,TRUE,FALSE,7,0.0219
Speak Now,Innocent,10/25/2010,Taylor Swift,,,Clean,32,FALSE,TRUE,0.141506836,Neutral,0.141506836,FALSE,0,4,2,342,132,0.386,3.76,30,0,2,0.0877,0.0058,0,You Count,TRUE,TRUE,39,0.114
Speak Now (Taylor's Version),Innocent (Taylor’s Version),7/7/2023,Taylor Swift,,,Clean,32,FALSE,TRUE,0.141506836,Neutral,0.141506836,FALSE,0,4,2,342,132,0.386,3.76,30,0,2,0.0877,0.0058,0,You Count,TRUE,TRUE,39,0.114
Fearless (Taylor's Version),White Horse (Taylor’s Version),9/4/2021,Taylor Swift,,,Clean,55,FALSE,TRUE,-0.29961738,Neutral,-0.29961738,FALSE,4,4,7,326,131,0.4018,3.51,14,1,18,0.0429,0.0552,0.0031,I Count,TRUE,FALSE,23,0.0706
Speak Now,Sparks Fly,7/18/2011,Taylor Swift,,,Clean,56,FALSE,TRUE,0.146802396,Positive,0.456468135,TRUE,3,4,6,368,131,0.356,3.72,21,0,18,0.0571,0.0489,0,You Count,TRUE,FALSE,8,0.0217
Speak Now (Taylor's Version),Sparks Fly (Taylor’s Version),7/7/2023,Taylor Swift,,,Clean,56,FALSE,TRUE,0.146802396,Positive,0.456468135,TRUE,3,4,6,368,131,0.356,3.72,21,0,18,0.0571,0.0489,0,You Count,TRUE,FALSE,8,0.0217
1989 (Taylor's Version),Now That We Don’t Talk (Taylor’s Version) [From the Vault],10/27/2023,Taylor Swift,,,Clean,45,FALSE,TRUE,-0.378445238,Negative,-0.378445238,FALSE,1,2,4,299,131,0.4381,3.33,11,8,24,0.0368,0.0803,0.0268,I Count,TRUE,FALSE,11,0.0368
The Life of a Showgirl,The Fate of Ophelia,10/3/2025,Taylor Swift,,,Clean,44,FALSE,TRUE,0.405485392,Positive,0.405485392,FALSE,0,14,7,476,131,0.2752,3.67,28,3,13,0.0588,0.0273,0.0063,You Count,TRUE,TRUE,31,0.0651
The Life of a Showgirl,Wi$h Li$t,10/3/2025,Taylor Swift,,,Explicit,54,FALSE,FALSE,0.389752477,Positive,0.389752477,FALSE,0,3,1,435,131,0.3011,3.79,16,5,21,0.0368,0.0483,0.0115,I Count,TRUE,TRUE,6,0.0138
Evermore,Cowboy Like Me,11/12/2020,Taylor Swift,,,Explicit,67,FALSE,TRUE,0.324752271,Neutral,0.324752271,FALSE,0,3,3,362,131,0.3619,3.6,12,2,22,0.0331,0.0608,0.0055,I Count,TRUE,FALSE,26,0.0718
Reputation,...Ready for It?,3/9/2017,Taylor Swift,,,Clean,44,FALSE,FALSE,0.178949982,Neutral,0.178949982,FALSE,0,3,1,470,131,0.2787,3.36,14,6,30,0.0298,0.0638,0.0128,I Count,FALSE,TRUE,30,0.0638
Reputation,Gorgeous,10/20/2017,Taylor Swift,,,Clean,35,TRUE,TRUE,-0.03432424,Neutral,-0.03432424,FALSE,1,6,17,475,130,0.2737,3.48,35,0,29,0.0737,0.0611,0,You Count,TRUE,TRUE,1,0.0021
Folklore,The 1,7/24/2020,Taylor Swift,,,Explicit,49,FALSE,FALSE,0.622757673,Neutral,-0.13709864,TRUE,0,0,0,328,130,0.3963,3.78,20,12,16,0.061,0.0488,0.0366,You Count,TRUE,TRUE,24,0.0732
Midnights,Karma,5/26/2023,Taylor Swift,,,Clean,57,FALSE,TRUE,0.308619559,Neutral,0.308619559,FALSE,0,7,5,409,130,0.3178,3.75,16,0,9,0.0391,0.022,0,You Count,TRUE,TRUE,10,0.0244
Fearless,White Horse,8/12/2008,Taylor Swift,,,Clean,55,FALSE,TRUE,-0.292520821,Negative,-0.348133266,TRUE,4,4,7,324,129,0.3981,3.52,14,1,18,0.0432,0.0556,0.0031,I Count,TRUE,FALSE,22,0.0679
Taylor Swift (2006),Teardrops on My Guitar,2/13/2007,Taylor Swift,,,Clean,34,FALSE,TRUE,0.608016074,Positive,0.608016074,FALSE,0,4,2,318,129,0.4057,3.29,0,1,23,0,0.0723,0.0031,I Count,FALSE,TRUE,7,0.022
Red,Begin Again,1/10/2012,Taylor Swift,,,Clean,54,FALSE,TRUE,-0.130441785,Neutral,-0.130441785,FALSE,0,1,8,354,129,0.3644,3.54,17,2,25,0.048,0.0706,0.0056,I Count,TRUE,FALSE,26,0.0734
Red (Taylor's Version),Begin Again (Taylor’s Version),12/11/2021,Taylor Swift,,,Clean,54,FALSE,TRUE,-0.130441785,Neutral,-0.130441785,FALSE,0,1,8,354,129,0.3644,3.54,17,2,25,0.048,0.0706,0.0056,I Count,TRUE,FALSE,26,0.0734
Folklore,Illicit Affairs,7/24/2020,Taylor Swift,,,Clean,33,FALSE,TRUE,-0.595317066,Negative,-0.595317066,FALSE,0,0,2,251,129,0.5139,4.02,16,1,3,0.0637,0.012,0.004,You Count,TRUE,FALSE,9,0.0359
Fearless (Taylor's Version),You All Over Me (feat. Maren Morris) (Taylor’s Version) [From the Vault],3/26/2021,Taylor Swift,,,Clean,45,FALSE,TRUE,-0.616057336,Negative,-0.616057336,FALSE,0,2,2,307,129,0.4202,3.48,18,3,22,0.0586,0.0717,0.0098,I Count,FALSE,FALSE,17,0.0554
Lover,You Need to Calm Down,6/14/2019,Taylor Swift,,,Clean,44,FALSE,FALSE,-0.709742904,Negative,-0.709742904,FALSE,0,3,1,397,129,0.3249,3.25,33,5,8,0.0831,0.0202,0.0126,You Count,TRUE,TRUE,8,0.0202
Folklore,Mad Woman,7/24/2020,Taylor Swift,,,Clean,50,FALSE,TRUE,-0.748182774,Negative,-0.748182774,FALSE,0,3,3,325,129,0.3969,3.72,23,0,13,0.0708,0.04,0,You Count,TRUE,TRUE,15,0.0462
Red,The Lucky One,10/22/2012,Taylor Swift,,,Clean,31,FALSE,FALSE,0.181714326,Neutral,0.181714326,FALSE,2,3,0,361,128,0.3546,3.53,39,1,3,0.108,0.0083,0.0028,You Count,FALSE,TRUE,33,0.0914
Red (Taylor's Version),The Lucky One (Taylor’s Version),12/11/2021,Taylor Swift,,,Clean,31,FALSE,FALSE,0.181714326,Neutral,0.181714326,FALSE,2,3,0,361,128,0.3546,3.53,39,1,3,0.108,0.0083,0.0028,You Count,FALSE,TRUE,33,0.0914
One Chance (Original Motion Picture Soundtrack),Sweeter than Fiction,10/21/2013,Taylor Swift,,,Clean,25,FALSE,TRUE,0.667168796,Positive,0.667168796,FALSE,0,4,10,495,128,0.2586,3.68,31,4,22,0.0626,0.0444,0.0081,You Count,TRUE,TRUE,34,0.0687
1989 (Deluxe),You Are in Love,10/27/2014,Taylor Swift,,,Clean,50,FALSE,FALSE,0.652088344,Positive,0.652088344,FALSE,0,2,4,417,128,0.307,3.7,46,0,1,0.1103,0.0024,0,You Count,TRUE,FALSE,13,0.0312
1989 (Taylor's Version),You Are In Love (Taylor's Version),10/27/2023,Taylor Swift,,,Clean,50,FALSE,FALSE,0.652088344,Positive,0.652088344,FALSE,0,2,4,417,128,0.307,3.7,46,0,1,0.1103,0.0024,0,You Count,TRUE,FALSE,13,0.0312
The Tortured Poets Department: The Anthology,Cassandra,4/19/2024,Taylor Swift,,,Clean,32,FALSE,TRUE,-0.426656693,Negative,-0.426656693,FALSE,0,5,2,383,128,0.3342,3.75,8,0,18,0.0209,0.047,0,I Count,TRUE,TRUE,18,0.047
The Tortured Poets Department,Down Bad,4/19/2024,Taylor Swift,,,Clean,61,FALSE,TRUE,-0.670756221,Negative,-0.670756221,FALSE,0,5,9,498,128,0.257,3.33,7,0,42,0.0141,0.0843,0,I Count,TRUE,TRUE,10,0.0201
The Tortured Poets Department,Florida!!! (feat. Florence + The Machine),4/19/2024,"Taylor Swift, Florence + The Machine",Florence + The Machine,,Explicit,13,FALSE,FALSE,-0.427249968,Negative,-0.427249968,FALSE,0,2,4,447,156,0.349,3.51,17,3,19,0.038,0.0425,0.0067,I Count,TRUE,TRUE,11,0.0246
Red,Red,6/21/2013,Taylor Swift,,,Clean,31,FALSE,TRUE,0.315306067,Negative,-0.348133266,TRUE,49,3,3,335,127,0.3791,3.97,7,0,4,0.0209,0.0119,0,You Count,TRUE,FALSE,19,0.0567
Red (Taylor's Version),Red (Taylor’s Version),12/11/2021,Taylor Swift,,,Clean,31,FALSE,TRUE,0.315306067,Negative,-0.348133266,TRUE,49,3,3,335,127,0.3791,3.97,7,0,4,0.0209,0.0119,0,You Count,TRUE,FALSE,19,0.0567
Speak Now (Deluxe Edition),Superman,10/26/2010,Taylor Swift,,,Clean,43,FALSE,TRUE,0.623641491,Positive,0.623641491,FALSE,1,1,8,408,127,0.3113,3.44,28,1,36,0.0686,0.0882,0.0025,I Count,TRUE,FALSE,26,0.0637
Speak Now (Taylor's Version),Superman (Taylor’s Version),7/7/2023,Taylor Swift,,,Clean,43,FALSE,TRUE,0.623641491,Positive,0.623641491,FALSE,1,1,8,408,127,0.3113,3.44,28,1,36,0.0686,0.0882,0.0025,I Count,TRUE,FALSE,26,0.0637
The Tortured Poets Department,Fortnight (feat. Post Malone),4/19/2024,"Taylor Swift, Post Malone",Post Malone,,Clean,33,FALSE,TRUE,-0.444170713,Negative,-0.444170713,FALSE,0,2,0,336,112,0.3333,3.85,29,7,23,0.0863,0.0685,0.0208,You Count,TRUE,FALSE,10,0.0298
Battle Studies,Half of My Heart (feat. Taylor Swift),6/21/2010,"John Mayer, Taylor Swift",Taylor Swift,,Clean,44,FALSE,TRUE,0.187402606,Neutral,0.187402606,FALSE,0,1,26,363,107,0.2948,3.36,17,0,14,0.0468,0.0386,0,You Count,FALSE,FALSE,9,0.0248
Highway Don't Care ,Highway Don't Care (feat. Taylor Swift & Keith Urban),3/25/2013,"Tim McGraw, Taylor Swift",Taylor Swift,,Clean,50,FALSE,TRUE,-0.503520608,Negative,-0.503520608,FALSE,0,1,3,501,95,0.1896,3.29,46,0,46,0.0918,0.0918,0,You Count,TRUE,TRUE,4,0.008
Fifty Shades Darker (Original Motion Picture Soundtrack),I Don't Wanna Live Forever (with Zayn),9/12/2016,"Taylor Swift, Zayn",Zayn,,Clean,55,FALSE,TRUE,-0.385447413,Negative,-0.385447413,FALSE,0,0,17,417,102,0.2446,3.7,20,0,38,0.048,0.0911,0,I Count,TRUE,TRUE,15,0.036
Red (Taylor's Version),Better Man (Taylor’s Version) [From the Vault],12/11/2021,Taylor Swift,,,Clean,57,FALSE,TRUE,-0.006472218,Neutral,-0.006472218,FALSE,0,0,8,499,127,0.2545,3.36,35,24,43,0.0701,0.0862,0.0481,I Count,TRUE,TRUE,25,0.0501
Midnights,Maroon,10/21/2022,Taylor Swift,,,Explicit,72,FALSE,TRUE,-0.174804047,Negative,-0.380782574,TRUE,18,4,15,363,126,0.3471,3.81,11,10,12,0.0303,0.0331,0.0275,I Count,TRUE,FALSE,16,0.0441
Reputation,Dress,10/11/2017,Taylor Swift,,,Clean,62,FALSE,TRUE,-0.310060978,Neutral,-0.310060978,FALSE,2,0,9,523,126,0.2409,3.61,26,3,14,0.0497,0.0268,0.0057,You Count,TRUE,TRUE,8,0.0153
Midnights,Vigilante Shit,10/21/2022,Taylor Swift,,,Explicit,32,FALSE,FALSE,-0.385378271,Negative,-0.385378271,FALSE,1,1,1,281,126,0.4484,3.64,5,0,17,0.0178,0.0605,0,I Count,TRUE,TRUE,8,0.0285
1989,Style,9/2/2015,Taylor Swift,,,Clean,89,FALSE,FALSE,0.318193257,Neutral,0.318193257,FALSE,5,2,16,402,125,0.3109,3.55,15,23,15,0.0373,0.0373,0.0572,We Count,TRUE,TRUE,28,0.0697
1989 (Taylor's Version),Style (Taylor’s Version),10/27/2023,Taylor Swift,,,Clean,89,FALSE,FALSE,0.318193257,Neutral,0.318193257,FALSE,5,2,16,402,125,0.3109,3.55,15,23,15,0.0373,0.0373,0.0572,We Count,TRUE,TRUE,28,0.0697
Red,Holy Ground,10/22/2012,Taylor Swift,,,Clean,17,FALSE,TRUE,0.291149557,Neutral,0.291149557,FALSE,1,1,3,298,124,0.4161,3.65,11,11,19,0.0369,0.0638,0.0369,I Count,TRUE,FALSE,18,0.0604
Red (Taylor's Version),Holy Ground (Taylor’s Version),12/11/2021,Taylor Swift,,,Clean,17,FALSE,TRUE,0.291149557,Neutral,0.291149557,FALSE,1,1,3,298,124,0.4161,3.65,11,11,19,0.0369,0.0638,0.0369,I Count,TRUE,FALSE,18,0.0604
Reputation,King of My Heart,10/11/2017,Taylor Swift,,,Clean,42,FALSE,FALSE,0.751517773,Positive,0.751517773,FALSE,0,0,21,488,124,0.2541,3.5,20,4,25,0.041,0.0512,0.0082,I Count,TRUE,TRUE,35,0.0717
Cats (Original Motion Picture Soundtrack),Beautiful Ghosts,12/20/2019,Taylor Swift,,,Clean,52,FALSE,FALSE,0.008689026,Neutral,0.008689026,FALSE,0,3,0,306,124,0.4052,3.96,6,4,18,0.0196,0.0588,0.0131,I Count,TRUE,FALSE,13,0.0425
Midnights (The Til Dawn Edition),Karma (feat. Ice Spice),5/26/2023,"Taylor Swift, Ice Spice",Ice Spice,,Clean,57,TRUE,TRUE,0.402551264,Positive,0.402551264,FALSE,1,8,5,487,170,0.3491,3.78,20,0,10,0.0411,0.0205,0,You Count,TRUE,TRUE,14,0.0287
Evermore,Willow,11/12/2020,Taylor Swift,,,Clean,28,FALSE,TRUE,-0.055264123,Neutral,-0.055264123,FALSE,0,6,12,440,123,0.2795,3.44,28,2,24,0.0636,0.0545,0.0045,You Count,TRUE,FALSE,9,0.0205
Lover,Afterglow,8/23/2019,Taylor Swift,,,Clean,65,FALSE,FALSE,-0.54035759,Negative,-0.54035759,FALSE,1,1,8,427,122,0.2857,3.07,18,1,41,0.0422,0.096,0.0023,I Count,TRUE,TRUE,8,0.0187
Fearless (Platinum Edition),Jump Then Fall,10/26/2009,Taylor Swift,,,Clean,41,FALSE,TRUE,0.822979093,Positive,0.822979093,FALSE,0,15,6,413,122,0.2954,3.42,34,3,36,0.0823,0.0872,0.0073,I Count,TRUE,TRUE,48,0.1162
Fearless (Taylor's Version),Jump Then Fall (Taylor’s Version),9/4/2021,Taylor Swift,,,Clean,41,FALSE,TRUE,0.822979093,Positive,0.822979093,FALSE,0,15,6,413,122,0.2954,3.42,34,3,36,0.0823,0.0872,0.0073,I Count,TRUE,TRUE,48,0.1162
Fearless,Forever & Always,11/11/2008,Taylor Swift,,,Clean,63,FALSE,TRUE,-0.36003679,Negative,-0.36003679,FALSE,0,0,7,428,122,0.285,3.71,32,4,19,0.0748,0.0444,0.0093,You Count,TRUE,FALSE,49,0.1145
Fearless (Taylor's Version),Forever & Always (Taylor’s Version),9/4/2021,Taylor Swift,,,Clean,63,FALSE,TRUE,-0.36003679,Negative,-0.36003679,FALSE,0,0,7,428,122,0.285,3.71,32,4,19,0.0748,0.0444,0.0093,You Count,TRUE,FALSE,49,0.1145
Reputation,I Did Something Bad,10/11/2017,Taylor Swift,,,Clean,48,FALSE,TRUE,0.398786008,Positive,0.398786008,FALSE,2,16,3,584,121,0.2072,3,4,0,31,0.0068,0.0531,0,I Count,TRUE,TRUE,19,0.0325
Fearless,Change,8/8/2008,Taylor Swift,,,Clean,43,FALSE,FALSE,0.089712225,Neutral,0.089712225,FALSE,0,2,6,289,121,0.4187,3.87,9,15,2,0.0311,0.0069,0.0519,We Count,TRUE,FALSE,19,0.0657
Fearless (Taylor's Version),Change (Taylor’s Version),9/4/2021,Taylor Swift,,,Clean,43,FALSE,FALSE,0.089712225,Neutral,0.089712225,FALSE,0,2,6,289,121,0.4187,3.87,9,15,2,0.0311,0.0069,0.0519,We Count,TRUE,FALSE,19,0.0657
Midnights (3am Edition),Dear Reader,10/21/2022,Taylor Swift,,,Clean,20,FALSE,TRUE,-0.226462796,Neutral,-0.226462796,FALSE,0,7,1,277,121,0.4368,4.2,23,0,6,0.083,0.0217,0,You Count,TRUE,FALSE,14,0.0505
Taylor Swift (2006),Tim McGraw,6/19/2006,Taylor Swift,,,Clean,65,FALSE,TRUE,0.277384967,Neutral,0.277384967,FALSE,8,8,12,376,120,0.3191,3.69,23,3,15,0.0612,0.0399,0.008,You Count,TRUE,TRUE,29,0.0771
Lover,ME! (feat. Brendon Urie of Panic! At The Disco),4/26/2019,"Taylor Swift, Brendon Urie",Brendon Urie,,Clean,38,TRUE,TRUE,0.405199915,Positive,0.405199915,FALSE,0,4,0,548,120,0.219,3.2,33,2,33,0.0602,0.0602,0.0036,You Count,TRUE,TRUE,34,0.062
Speak Now (Taylor's Version),I Can See You (Taylor’s Version) [From the Vault],7/7/2023,Taylor Swift,,,Clean,,TRUE,TRUE,0.01172471,Neutral,0.01172471,FALSE,0,0,2,434,120,0.2765,3.24,48,5,53,0.1106,0.1221,0.0115,I Count,TRUE,TRUE,12,0.0276
Folklore,Peace,7/24/2020,Taylor Swift,,,Explicit,56,FALSE,FALSE,-0.276590019,Neutral,-0.276590019,FALSE,0,10,2,305,120,0.3934,3.64,19,0,18,0.0623,0.059,0,You Count,FALSE,FALSE,12,0.0393
Lover,I Forgot That You Existed,8/23/2019,Taylor Swift,,,Clean,43,FALSE,FALSE,-0.435264736,Positive,0.402551264,TRUE,0,1,2,313,120,0.3834,3.66,12,2,19,0.0383,0.0607,0.0064,I Count,TRUE,TRUE,9,0.0288
Lover,The Man,8/23/2019,Taylor Swift,,,Clean,52,FALSE,TRUE,0.264422834,Negative,-0.748182774,TRUE,0,1,0,474,119,0.2511,2.91,4,0,58,0.0084,0.1224,0,I Count,TRUE,TRUE,14,0.0295
Red,Stay Stay Stay,10/22/2012,Taylor Swift,,,Clean,33,FALSE,TRUE,0.34374252,Positive,0.34374252,FALSE,0,0,0,361,118,0.3269,3.43,21,7,26,0.0582,0.072,0.0194,I Count,TRUE,FALSE,29,0.0803
Red (Taylor's Version),Stay Stay Stay (Taylor’s Version),12/11/2021,Taylor Swift,,,Clean,33,FALSE,TRUE,0.34374252,Positive,0.34374252,FALSE,0,0,0,361,118,0.3269,3.43,21,7,26,0.0582,0.072,0.0194,I Count,TRUE,FALSE,29,0.0803
1989,Bad Blood,10/27/2014,Taylor Swift,,,Clean,56,FALSE,FALSE,-0.752001882,Negative,-0.752001882,FALSE,0,0,19,523,118,0.2256,3.3,34,28,10,0.065,0.0191,0.0535,You Count,TRUE,TRUE,28,0.0535
1989 (Taylor's Version),Bad Blood (Taylor’s Version),10/27/2023,Taylor Swift,,,Clean,56,FALSE,FALSE,-0.752001882,Negative,-0.752001882,FALSE,0,0,19,523,118,0.2256,3.3,34,28,10,0.065,0.0191,0.0535,You Count,TRUE,TRUE,28,0.0535
Evermore,Gold Rush,11/12/2020,Taylor Swift,,,Explicit,79,TRUE,TRUE,-0.22733067,Neutral,-0.22733067,FALSE,12,5,8,356,117,0.3287,3.87,9,2,18,0.0253,0.0506,0.0056,I Count,FALSE,FALSE,12,0.0337
Evermore,"No Body, No Crime (feat. Haim)",11/12/2020,"Taylor Swift, Haim",Haim,,Clean,50,TRUE,TRUE,-0.32609576,Neutral,-0.32609576,FALSE,1,1,6,404,127,0.3144,3.25,0,1,28,0,0.0693,0.0025,I Count,TRUE,FALSE,13,0.0322
Fearless,The Way I Loved You,11/11/2008,Taylor Swift,,,Clean,62,FALSE,TRUE,0.702490389,Negative,-0.548133266,TRUE,0,4,1,363,117,0.3223,3.6,14,1,30,0.0386,0.0826,0.0028,I Count,TRUE,FALSE,11,0.0303
Fearless (Taylor's Version),The Way I Loved You (Taylor’s Version),9/4/2021,Taylor Swift,,,Clean,62,FALSE,TRUE,0.702490389,Negative,-0.548133266,TRUE,0,4,1,363,117,0.3223,3.6,14,1,30,0.0386,0.0826,0.0028,I Count,TRUE,FALSE,11,0.0303
Evermore,Dorothea,11/12/2020,Taylor Swift,,,Clean,42,FALSE,TRUE,0.622997999,Positive,0.622997999,FALSE,0,2,4,276,117,0.4239,3.55,18,4,6,0.0652,0.0217,0.0145,You Count,FALSE,TRUE,11,0.0399
Reputation,Don't Blame Me,10/11/2017,Taylor Swift,,,Clean,65,TRUE,TRUE,0.082136527,Neutral,0.182136527,TRUE,0,3,3,534,117,0.2191,3.13,26,0,26,0.0487,0.0487,0,You Count,TRUE,TRUE,15,0.0281
1989,Wildest Dreams,10/27/2014,Taylor Swift,,,Clean,38,FALSE,FALSE,0.498606086,Positive,0.498606086,FALSE,4,4,10,378,116,0.3069,3.61,18,4,5,0.0476,0.0132,0.0106,You Count,TRUE,TRUE,19,0.0503
1989 (Taylor's Version),Wildest Dreams (Taylor’s Version),9/17/2021,Taylor Swift,,,Clean,38,FALSE,FALSE,0.498606086,Positive,0.498606086,FALSE,4,4,10,378,116,0.3069,3.61,18,4,5,0.0476,0.0132,0.0106,You Count,TRUE,TRUE,19,0.0503
Reputation,Delicate,10/11/2017,Taylor Swift,,,Clean,45,TRUE,FALSE,0.19799155,Neutral,0.19799155,FALSE,2,0,9,537,116,0.216,3.22,27,7,29,0.0503,0.054,0.013,I Count,TRUE,TRUE,19,0.0354
Reputation,Dancing with Our Hands Tied,10/11/2017,Taylor Swift,,,Clean,48,FALSE,TRUE,0.012581405,Neutral,0.012581405,FALSE,2,1,20,448,116,0.2589,3.69,16,35,24,0.0357,0.0536,0.0781,We Count,TRUE,TRUE,18,0.0402
The Tortured Poets Department,I Can Fix Him (No Really I Can),4/19/2024,Taylor Swift,,,Clean,37,FALSE,FALSE,0.114589274,Neutral,0.114589274,FALSE,0,1,8,248,116,0.4677,3.42,2,1,18,0.0081,0.0726,0.004,I Count,TRUE,FALSE,6,0.0242
Lover,I Think He Knows,8/23/2019,Taylor Swift,,,Clean,40,FALSE,FALSE,0.552580893,Positive,0.552580893,FALSE,2,0,8,414,115,0.2778,3.51,14,5,50,0.0338,0.1208,0.0121,I Count,TRUE,TRUE,5,0.0121
Red (Taylor's Version),The Very First Night (Taylor’s Version) [From the Vault],12/11/2021,Taylor Swift,,,Clean,31,FALSE,FALSE,0.309481561,Neutral,0.309481561,FALSE,0,6,8,426,115,0.27,3.23,24,15,33,0.0563,0.0775,0.0352,I Count,TRUE,TRUE,25,0.0587
Red (Deluxe Edition),Come Back... Be Here,10/22/2012,Taylor Swift,,,Clean,45,FALSE,TRUE,-0.348133266,Negative,-0.348133266,FALSE,0,1,16,339,115,0.3392,3.47,21,0,20,0.0619,0.059,0,You Count,TRUE,TRUE,21,0.0619
Red (Taylor's Version),Come Back... Be Here (Taylor’s Version),12/11/2021,Taylor Swift,,,Clean,45,FALSE,TRUE,-0.348133266,Negative,-0.348133266,FALSE,0,1,16,339,115,0.3392,3.47,21,0,20,0.0619,0.059,0,You Count,TRUE,TRUE,21,0.0619
Red (Taylor's Version),Nothing New (Feat. Phoebe Bridgers) (Taylor'S Version) (From The Vault),12/11/2021,"Taylor Swift, Phoebe Bridgers",Phoebe Bridgers,,Clean,58,FALSE,FALSE,-0.226237848,Neutral,-0.226237848,FALSE,1,1,2,394,151,0.3832,3.5,12,1,25,0.0305,0.0635,0.0025,I Count,TRUE,TRUE,41,0.1041
Lover,Lover,8/16/2019,Taylor Swift,,,Clean,29,FALSE,FALSE,0.767780483,Positive,0.767780483,FALSE,1,1,2,270,114,0.4222,3.54,17,9,9,0.063,0.0333,0.0333,You Count,TRUE,FALSE,15,0.0556
Red (Taylor's Version),Run (feat. Ed Sheeran) (Taylor’s Version) [From the Vault],12/11/2021,"Taylor Swift, Ed Sheeran",Ed Sheeran,,Clean,40,TRUE,FALSE,0.318888903,Neutral,0.318888903,FALSE,1,1,7,382,114,0.2984,3.05,12,27,11,0.0314,0.0288,0.0707,We Count,TRUE,TRUE,15,0.0393
1989,Clean,10/27/2014,Taylor Swift,,,Clean,30,FALSE,TRUE,0.007799789,Positive,0.405485392,TRUE,1,9,3,347,114,0.3285,3.58,8,2,30,0.0231,0.0865,0.0058,I Count,TRUE,TRUE,21,0.0605
1989 (Taylor's Version),Clean (Taylor’s Version),10/27/2023,Taylor Swift,,,Clean,30,FALSE,TRUE,0.007799789,Positive,0.405485392,TRUE,1,9,3,347,114,0.3285,3.58,8,2,30,0.0231,0.0865,0.0058,I Count,TRUE,TRUE,21,0.0605
Reputation,Look What You Made Me Do,8/25/2017,Taylor Swift,,,Clean,53,FALSE,FALSE,-0.246513382,Neutral,-0.246513382,FALSE,4,2,0,595,113,0.1899,3.29,48,0,32,0.0807,0.0538,0,You Count,TRUE,TRUE,19,0.0319
Fearless,Fearless,4/1/2010,Taylor Swift,,,Clean,38,FALSE,TRUE,0.699025333,Positive,0.699025333,FALSE,0,5,12,342,113,0.3304,3.44,17,3,18,0.0497,0.0526,0.0088,I Count,TRUE,FALSE,5,0.0146
Fearless (Taylor's Version),Fearless (Taylor’s Version),9/4/2021,Taylor Swift,,,Clean,38,FALSE,TRUE,0.699025333,Positive,0.699025333,FALSE,0,5,12,342,113,0.3304,3.44,17,3,18,0.0497,0.0526,0.0088,I Count,TRUE,FALSE,5,0.0146
Folklore,This Is Me Trying,7/24/2020,Taylor Swift,,,Clean,22,FALSE,TRUE,-0.408392221,Negative,-0.408392221,FALSE,0,0,2,275,113,0.4109,3.39,9,1,24,0.0327,0.0873,0.0036,I Count,TRUE,FALSE,7,0.0255
Midnights (3am Edition),High Infidelity,10/21/2022,Taylor Swift,,,Clean,47,FALSE,TRUE,-0.536538839,Negative,-0.536538839,FALSE,0,3,4,386,113,0.2927,4.12,20,5,22,0.0518,0.057,0.013,I Count,FALSE,FALSE,14,0.0363
Folklore,Seven,7/24/2020,Taylor Swift,,,Clean,48,FALSE,FALSE,0.440042973,Positive,0.440042973,FALSE,0,8,5,225,112,0.4978,3.66,6,2,16,0.0267,0.0711,0.0089,I Count,TRUE,FALSE,11,0.0489
1989,Shake It Off,8/18/2014,Taylor Swift,,,Clean,68,FALSE,FALSE,-0.108630858,Neutral,-0.108630858,TRUE,0,0,3,601,112,0.1864,3.34,4,1,76,0.0067,0.1265,0.0017,I Count,TRUE,TRUE,5,0.0083
1989 (Taylor's Version),Shake It Off (Taylor’s Version),10/27/2023,Taylor Swift,,,Clean,68,FALSE,FALSE,-0.108630858,Neutral,-0.108630858,TRUE,0,0,3,601,112,0.1864,3.34,4,1,76,0.0067,0.1265,0.0017,I Count,TRUE,TRUE,5,0.0083
1989 (Taylor's Version),Say Don’t Go (Taylor’s Version) [From the Vault],10/27/2023,Taylor Swift,,,Clean,41,FALSE,TRUE,-0.261692315,Neutral,-0.261692315,FALSE,0,0,3,497,112,0.2254,3.12,42,1,21,0.0845,0.0423,0.002,You Count,TRUE,TRUE,15,0.0302
Renegade (feat. Taylor Swift),Renegade,2/7/2021,"Big Red Machine, Taylor Swift",Taylor Swift,,Explicit,55,FALSE,TRUE,-0.492391646,Negative,-0.492391646,FALSE,0,1,5,472,115,0.2436,3.83,30,1,12,0.0636,0.0254,0.0021,You Count,TRUE,FALSE,19,0.0403
Red,We Are Never Ever Getting Back Together,8/13/2012,Taylor Swift,,,Clean,41,FALSE,TRUE,-0.46321848,Negative,-0.46321848,FALSE,0,0,13,411,112,0.2725,3.68,20,20,20,0.0487,0.0487,0.0487,You Count,TRUE,TRUE,28,0.0681
Red (Taylor's Version),We Are Never Ever Getting Back Together (Taylor’s Version),12/11/2021,Taylor Swift,,,Clean,41,FALSE,TRUE,-0.46321848,Negative,-0.46321848,FALSE,0,0,13,411,112,0.2725,3.68,20,20,20,0.0487,0.0487,0.0487,You Count,TRUE,TRUE,28,0.0681
Fearless,Breathe (feat. Colbie Caillat),11/11/2008,Taylor Swift,,,Clean,17,FALSE,TRUE,-0.549116313,Negative,-0.549116313,FALSE,0,1,5,341,111,0.3255,3.35,16,5,25,0.0469,0.0733,0.0147,I Count,TRUE,TRUE,20,0.0587
Midnights,Snow on the Beach (feat. Lana Del Rey),10/21/2022,"Taylor Swift, Lana Del Rey",Lana Del Rey,,Explicit,34,FALSE,TRUE,0.084305778,Neutral,0.084305778,FALSE,1,38,1,436,123,0.2821,3.59,11,1,11,0.0252,0.0252,0.0023,You Count,TRUE,FALSE,10,0.0229
Fearless,Tell Me Why,11/11/2008,Taylor Swift,,,Clean,78,FALSE,TRUE,-0.704667509,Negative,-0.704667509,FALSE,0,0,1,372,111,0.2984,3.3,41,1,29,0.1102,0.078,0.0027,You Count,TRUE,FALSE,13,0.0349
Fearless (Taylor's Version),Tell Me Why (Taylor’s Version),9/4/2021,Taylor Swift,,,Clean,78,FALSE,TRUE,-0.704667509,Negative,-0.704667509,FALSE,0,0,1,372,111,0.2984,3.3,41,1,29,0.1102,0.078,0.0027,You Count,TRUE,FALSE,13,0.0349
Taylor Swift (2006),Picture to Burn,3/2/2008,Taylor Swift,,,Clean,43,FALSE,TRUE,-0.780877411,Negative,-0.780877411,FALSE,0,0,1,318,111,0.3491,3.72,20,0,12,0.0629,0.0377,0,You Count,TRUE,FALSE,17,0.0535
Folklore (Deluxe Edition),The Lakes,8/18/2020,Taylor Swift,,,Clean,39,FALSE,FALSE,-0.547009587,Negative,-0.547009587,FALSE,2,11,3,242,110,0.4545,3.87,5,0,13,0.0207,0.0537,0,I Count,TRUE,FALSE,5,0.0207
Fearless (Taylor's Version),Bye Bye Baby (Taylor’s Version) [From the Vault],9/4/2021,Taylor Swift,,,Clean,47,FALSE,FALSE,-0.436920285,Negative,-0.436920285,FALSE,1,1,3,363,110,0.303,3.42,17,2,29,0.0468,0.0799,0.0055,I Count,TRUE,FALSE,10,0.0275
Taylor Swift (2006),Stay Beautiful,10/24/2006,Taylor Swift,,,Clean,41,FALSE,TRUE,0.778080761,Positive,0.778080761,FALSE,0,2,5,293,110,0.3754,3.7,23,0,8,0.0785,0.0273,0,You Count,TRUE,FALSE,9,0.0307
Fearless (Platinum Edition),SuperStar,10/26/2009,Taylor Swift,,,Clean,40,FALSE,TRUE,-0.02502043,Neutral,-0.02502043,FALSE,0,1,5,293,110,0.3754,3.76,17,0,16,0.058,0.0546,0,You Count,TRUE,FALSE,12,0.041
Fearless (Taylor's Version),Superstar (Taylor’s Version),9/4/2021,Taylor Swift,,,Clean,40,FALSE,TRUE,-0.058321357,Neutral,-0.058321357,FALSE,0,1,5,293,110,0.3754,3.76,17,0,16,0.058,0.0546,0,You Count,TRUE,FALSE,12,0.041
Red,Everything Has Changed (feat. Ed Sheeran),4/7/2013,Taylor Swift,,,Clean,50,TRUE,TRUE,0.628076196,Positive,0.628076196,FALSE,2,2,8,454,109,0.2401,3.72,39,4,39,0.0859,0.0859,0.0088,You Count,TRUE,TRUE,23,0.0507
Red (Taylor's Version),Everything Has Changed (Feat. Ed Sheeran) (Taylor'S Version),12/11/2021,"Taylor Swift, Ed Sheeran",Ed Sheeran,,Clean,50,TRUE,TRUE,0.628076196,Positive,0.628076196,FALSE,2,2,8,454,109,0.2401,3.72,39,4,39,0.0859,0.0859,0.0088,You Count,TRUE,TRUE,23,0.0507
The Life of a Showgirl,Wood,10/3/2025,Taylor Swift,,,Explicit,44,FALSE,FALSE,0.251935601,Neutral,0.251935601,FALSE,1,11,9,334,109,0.3263,3.53,5,2,13,0.015,0.0389,0.006,I Count,FALSE,TRUE,7,0.021
Red,Starlight,10/22/2012,Taylor Swift,,,Clean,45,FALSE,TRUE,0.710146606,Positive,0.710146606,FALSE,0,27,0,348,109,0.3132,4.1,8,24,3,0.023,0.0086,0.069,We Count,TRUE,FALSE,17,0.0489
Red (Taylor's Version),Starlight (Taylor’s Version),12/11/2021,Taylor Swift,,,Clean,45,FALSE,TRUE,0.710146606,Positive,0.710146606,FALSE,0,27,0,348,109,0.3132,4.1,8,24,3,0.023,0.0086,0.069,We Count,TRUE,FALSE,17,0.0489
1989,I Wish You Would,10/27/2014,Taylor Swift,,,Clean,46,FALSE,TRUE,0.384556621,Negative,-0.548133266,TRUE,0,0,11,725,109,0.1503,2.9,64,15,216,0.0883,0.2979,0.0207,I Count,TRUE,FALSE,23,0.0317
1989 (Taylor's Version),I Wish You Would (Taylor’s Version),10/27/2023,Taylor Swift,,,Clean,46,FALSE,TRUE,0.384556621,Negative,-0.548133266,TRUE,0,0,11,725,109,0.1503,2.9,64,15,216,0.0883,0.2979,0.0207,I Count,TRUE,FALSE,23,0.0317
Fearless,You're Not Sorry,11/11/2008,Taylor Swift,,,Clean,46,FALSE,FALSE,-0.261251837,Negative,-0.594530284,TRUE,0,0,0,351,109,0.3105,3.2,30,1,16,0.0855,0.0456,0.0028,You Count,TRUE,FALSE,11,0.0313
Fearless (Taylor's Version),You’re Not Sorry (Taylor’s Version),9/4/2021,Taylor Swift,,,Clean,46,FALSE,FALSE,-0.261251837,Negative,-0.594530284,TRUE,0,0,0,351,109,0.3105,3.2,30,1,16,0.0855,0.0456,0.0028,You Count,TRUE,FALSE,11,0.0313
1989,I Know Places,10/27/2014,Taylor Swift,,,Clean,33,TRUE,TRUE,0.119647726,Neutral,0.119647726,FALSE,1,7,5,365,108,0.2959,3.18,4,17,67,0.011,0.1836,0.0466,I Count,TRUE,TRUE,6,0.0164
1989 (Taylor's Version),I Know Places (Taylor’s Version),10/27/2023,Taylor Swift,,,Clean,33,TRUE,TRUE,0.119647726,Neutral,0.119647726,FALSE,1,7,5,365,108,0.2959,3.18,4,17,67,0.011,0.1836,0.0466,I Count,TRUE,TRUE,6,0.0164
Lover,False God,8/23/2019,Taylor Swift,,,Clean,54,FALSE,TRUE,0.120055303,Neutral,0.120055303,FALSE,0,1,4,350,108,0.3086,3.43,17,18,12,0.0486,0.0343,0.0514,We Count,FALSE,TRUE,21,0.06
Red (Deluxe Edition),Girl at Home,10/22/2012,Taylor Swift,,,Clean,69,TRUE,TRUE,-0.0930309,Neutral,-0.0930309,FALSE,0,0,0,468,108,0.2308,3.51,24,0,14,0.0513,0.0299,0,You Count,TRUE,TRUE,6,0.0128
Red (Taylor's Version),Girl at Home (Taylor’s Version),12/11/2021,Taylor Swift,,,Clean,69,TRUE,TRUE,-0.0930309,Neutral,-0.0930309,FALSE,0,0,0,468,108,0.2308,3.51,24,0,14,0.0513,0.0299,0,You Count,TRUE,TRUE,6,0.0128
Lover,The Archer,8/23/2019,Taylor Swift,,,Clean,18,FALSE,TRUE,-0.424692541,Neutral ,-0.293317407,TRUE,0,2,2,308,108,0.3506,3.61,7,0,28,0.0227,0.0909,0,I Count,TRUE,TRUE,7,0.0227
Red,State of Grace,10/22/2012,Taylor Swift,,,Clean,14,FALSE,TRUE,0.07870955,Neutral,0.07870955,FALSE,2,4,5,380,107,0.2816,3.2,11,9,11,0.0289,0.0289,0.0237,You Count,TRUE,TRUE,21,0.0553
Red (Taylor's Version),State of Grace (Taylor’s Version),12/11/2021,Taylor Swift,,,Clean,14,FALSE,TRUE,0.07870955,Neutral,0.07870955,FALSE,2,4,5,380,107,0.2816,3.2,11,9,11,0.0289,0.0289,0.0237,You Count,TRUE,TRUE,21,0.0553
Taylor Swift (2006) [Deluxe],I'm Only Me When I'm with You,6/11/2007,Taylor Swift,,,Clean,55,FALSE,TRUE,0.281854123,Neutral,0.281854123,FALSE,0,4,0,339,107,0.3156,3.25,24,5,26,0.0708,0.0767,0.0147,I Count,TRUE,TRUE,15,0.0442
Midnights (The Til Dawn Edition),Snow on the Beach (feat. More Lana Del Rey),5/26/2023,"Taylor Swift, Lana Del Rey",Lana Del Rey,,Clean,34,FALSE,TRUE,0.086709924,Neutral,0.086709924,FALSE,1,38,1,380,127,0.3342,3.68,11,1,11,0.0289,0.0289,0.0026,You Count,TRUE,FALSE,10,0.0263
1989,Out of the Woods,5/2/2016,Taylor Swift,,,Clean,106,FALSE,FALSE,0.497458369,Neutral,-0.548133266,TRUE,2,43,3,670,106,0.1582,3.35,9,81,10,0.0134,0.0149,0.1209,We Count,TRUE,FALSE,83,0.1239
1989 (Taylor's Version),Out of the Woods (Taylor’s Version),10/27/2023,Taylor Swift,,,Clean,106,FALSE,FALSE,0.497458369,Neutral,-0.548133266,TRUE,2,43,3,670,106,0.1582,3.35,9,81,10,0.0134,0.0149,0.1209,We Count,TRUE,FALSE,83,0.1239
Red,22,12/3/2013,Taylor Swift,,,Clean,44,FALSE,TRUE,0.345067859,Positive,0.345067859,FALSE,0,1,0,462,106,0.2294,3.66,25,16,15,0.0541,0.0325,0.0346,You Count,TRUE,TRUE,63,0.1364
Red (Taylor's Version),22 (Taylor’s Version),12/11/2021,Taylor Swift,,,Clean,44,FALSE,TRUE,0.345067859,Positive,0.345067859,FALSE,0,1,0,462,106,0.2294,3.66,25,16,15,0.0541,0.0325,0.0346,You Count,TRUE,TRUE,63,0.1364
Taylor Swift (2006),Should've Said No,5/18/2008,Taylor Swift,,,Clean,74,FALSE,FALSE,-0.444779128,Negative,-0.444779128,FALSE,0,1,13,383,106,0.2768,3.54,39,2,9,0.1018,0.0235,0.0052,You Count,TRUE,TRUE,15,0.0392
Speak Now,Haunted,10/25/2010,Taylor Swift,,,Clean,51,FALSE,TRUE,-0.631947517,Negative,-0.631947517,FALSE,0,0,6,363,106,0.292,3.45,22,1,33,0.0606,0.0909,0.0028,I Count,TRUE,TRUE,12,0.0331
Speak Now (Taylor's Version),Haunted (Taylor’s Version),7/7/2023,Taylor Swift,,,Clean,51,FALSE,TRUE,-0.631947517,Negative,-0.631947517,FALSE,0,0,6,363,106,0.292,3.45,22,1,33,0.0606,0.0909,0.0028,I Count,TRUE,TRUE,12,0.0331
Folklore,Hoax,7/24/2020,Taylor Swift,,,Clean,35,FALSE,TRUE,-0.667477846,Negative,-0.667477846,FALSE,3,4,3,249,105,0.4217,3.76,13,0,5,0.0522,0.0201,0,You Count,TRUE,FALSE,9,0.0361
Taylor Swift (2006),Cold as You,10/24/2006,Taylor Swift,,,Clean,42,FALSE,FALSE,-0.528747141,Negative,-0.528747141,FALSE,1,3,1,258,104,0.4031,3.62,22,0,13,0.0853,0.0504,0,You Count,TRUE,FALSE,13,0.0504
Red,I Knew You Were Trouble,11/27/2012,Taylor Swift,,,Clean,57,TRUE,TRUE,-0.656982541,Negative,-0.656982541,FALSE,0,0,1,440,104,0.2364,3.44,31,8,29,0.0705,0.0659,0.0182,You Count,TRUE,TRUE,35,0.0795
Red (Taylor's Version),I Knew You Were Trouble (Taylor’s Version),12/11/2021,Taylor Swift,,,Clean,57,TRUE,TRUE,-0.656982541,Negative,-0.656982541,FALSE,0,0,1,440,104,0.2364,3.44,31,8,29,0.0705,0.0659,0.0182,You Count,TRUE,TRUE,35,0.0795
Lover,Soon You'll Get Better (feat. The Chicks),8/23/2019,"Taylor Swift, The Chicks",The Chicks,,Clean,19,FALSE,FALSE,0.315839261,Neutral,0.315839261,FALSE,1,1,2,270,103,0.3815,3.29,22,3,19,0.0815,0.0704,0.0111,You Count,TRUE,FALSE,18,0.0667
Midnights (3am Edition),Glitch,10/21/2022,Taylor Swift,,,Clean,44,FALSE,FALSE,-0.216629505,Neutral,-0.216629505,FALSE,0,6,4,257,103,0.4008,3.9,6,3,16,0.0233,0.0623,0.0117,I Count,TRUE,FALSE,17,0.0661
Reputation,So It Goes...,10/11/2017,Taylor Swift,,,Clean,47,FALSE,FALSE,-0.264816672,Neutral,-0.264816672,FALSE,5,4,12,409,102,0.2494,3.43,20,4,21,0.0489,0.0513,0.0098,I Count,TRUE,TRUE,21,0.0513
Evermore,Marjorie,11/12/2020,Taylor Swift,,,Clean,31,FALSE,TRUE,-0.027528301,Neutral,-0.027528301,FALSE,1,3,6,358,102,0.2849,3.57,29,6,18,0.081,0.0503,0.0168,You Count,TRUE,TRUE,15,0.0419
Folklore,Mirrorball,7/24/2020,Taylor Swift,,,Clean,51,FALSE,TRUE,0.42768991,Positive,0.42768991,FALSE,0,2,4,277,102,0.3682,3.79,14,0,23,0.0505,0.083,0,I Count,TRUE,FALSE,17,0.0614
Folklore,August,7/24/2020,Taylor Swift,,,Clean,43,FALSE,TRUE,-0.290245593,Negative,-0.348133266,TRUE,0,2,6,404,102,0.2525,3.59,15,6,17,0.0371,0.0421,0.0149,I Count,TRUE,FALSE,36,0.0891
First Two Pages of Frankenstein,The Alcott,4/26/2023,"The National, Taylor Swift",Taylor Swift,,Clean,47,FALSE,TRUE,-0.02239662,Neutral,-0.02239662,FALSE,2,1,7,417,117,0.2806,3.37,34,0,36,0.0815,0.0863,0,I Count,TRUE,FALSE,11,0.0264
Fearless (Taylor's Version),We Were Happy (Taylor’s Version) [From the Vault],9/4/2021,Taylor Swift,,,Clean,39,FALSE,TRUE,0.806540668,Negative,-0.348133266,TRUE,0,1,5,256,101,0.3945,3.6,2,38,6,0.0078,0.0234,0.1484,We Count,TRUE,TRUE,14,0.0547
The Hunger Games: Songs from District 12 and Beyond,Eyes Open,3/27/2012,Taylor Swift,,,Clean,30,TRUE,FALSE,-0.058797836,Neutral,-0.058797836,FALSE,0,0,21,273,101,0.37,4.36,14,3,0,0.0513,0,0.011,You Count,TRUE,TRUE,11,0.0403
Midnights,Sweet Nothing,10/21/2022,Taylor Swift,,,Clean,39,FALSE,FALSE,0.141192794,Neutral,0.141192794,FALSE,0,1,1,287,100,0.3484,4.03,12,2,8,0.0418,0.0279,0.007,You Count,TRUE,FALSE,2,0.007
Red,Treacherous,10/22/2012,Taylor Swift,,,Clean,16,FALSE,TRUE,0.079522789,Neutral,0.079522789,FALSE,0,2,6,283,100,0.3534,3.78,25,1,32,0.0883,0.1131,0.0035,I Count,TRUE,FALSE,5,0.0177
Red (Taylor's Version),Treacherous (Taylor’s Version),12/11/2021,Taylor Swift,,,Clean,16,FALSE,TRUE,0.079522789,Neutral,0.079522789,FALSE,0,2,6,283,100,0.3534,3.78,25,1,32,0.0883,0.1131,0.0035,I Count,TRUE,FALSE,5,0.0177
Midnights,Midnight Rain,10/21/2022,Taylor Swift,,,Clean,31,TRUE,TRUE,-0.051936436,Neutral,-0.051936436,FALSE,0,7,1,286,100,0.3497,4.03,0,5,17,0,0.0594,0.0175,I Count,FALSE,FALSE,11,0.0385
The Tortured Poets Department: The Anthology,I Look in People's Windows,4/19/2024,Taylor Swift,,,Clean,42,FALSE,FALSE,-0.171869084,Negative,-0.380782574,TRUE,2,2,4,189,98,0.5185,3.9,5,0,13,0.0265,0.0688,0,I Count,FALSE,TRUE,11,0.0582
1989,This Love,10/27/2014,Taylor Swift,,,Clean,38,FALSE,FALSE,0.456468135,Positive,0.456468135,FALSE,1,2,17,404,98,0.2426,3.5,11,2,6,0.0272,0.0149,0.005,You Count,TRUE,TRUE,8,0.0198
1989 (Taylor's Version),This Love (Taylor’s Version),6/5/2022,Taylor Swift,,,Clean,38,FALSE,FALSE,0.456468135,Positive,0.456468135,FALSE,1,2,17,404,98,0.2426,3.5,11,2,6,0.0272,0.0149,0.005,You Count,TRUE,TRUE,8,0.0198
Midnights,Lavender Haze,10/21/2022,Taylor Swift,,,Explicit,38,TRUE,TRUE,0.158637449,Neutral,0.158637449,FALSE,9,18,3,310,97,0.3129,3.59,5,0,20,0.0161,0.0645,0,I Count,TRUE,TRUE,4,0.0129
Reputation,New Year's Day,10/11/2017,Taylor Swift,,,Clean,34,FALSE,TRUE,0.318047702,Neutral,0.318047702,FALSE,0,0,2,400,97,0.2425,3.63,23,2,19,0.0575,0.0475,0.005,You Count,TRUE,FALSE,18,0.045
Red,The Last Time (feat. Gary Lightbody of Snow Patrol),4/11/2013,"Taylor Swift, Gary Lightbody",Gary Lightbody,,Clean,39,FALSE,TRUE,-0.112011909,Neutral,-0.112011909,FALSE,0,0,17,473,97,0.2051,3.27,41,0,33,0.0867,0.0698,0,You Count,TRUE,TRUE,37,0.0782
Red (Taylor's Version),The Last Time (Taylor’s Version) [feat. Gary Lightbody of Snow Patrol],12/11/2021,"Taylor Swift, Gary Lightbody",Gary Lightbody,,Clean,39,FALSE,TRUE,-0.112011909,Neutral,-0.112011909,FALSE,0,0,17,473,97,0.2051,3.27,41,0,33,0.0867,0.0698,0,You Count,TRUE,TRUE,37,0.0782
Valentine's Day (Original Motion Picture Soundtrack),Today Was a Fairytale,1/19/2010,Taylor Swift,,,Clean,47,FALSE,TRUE,0.786132097,Positive,0.786132097,FALSE,1,0,4,352,96,0.2727,3.68,24,2,12,0.0682,0.0341,0.0057,You Count,TRUE,TRUE,27,0.0767
Fearless (Taylor's Version),Today Was a Fairytale (Taylor’s Version),9/4/2021,Taylor Swift,,,Clean,47,FALSE,TRUE,0.786132097,Positive,0.786132097,FALSE,1,0,4,352,96,0.2727,3.68,24,2,12,0.0682,0.0341,0.0057,You Count,TRUE,TRUE,27,0.0767
Red,Sad Beautiful Tragic,10/22/2012,Taylor Swift,,,Clean,14,FALSE,FALSE,0.02026023,Neutral,0.02026023,FALSE,0,0,2,188,96,0.5106,4.2,5,6,2,0.0266,0.0106,0.0319,We Count,TRUE,FALSE,5,0.0266
Red (Taylor's Version),Sad Beautiful Tragic (Taylor’s Version),12/11/2021,Taylor Swift,,,Clean,14,FALSE,FALSE,0.02026023,Neutral,0.02026023,FALSE,0,0,2,188,96,0.5106,4.2,5,6,2,0.0266,0.0106,0.0319,We Count,TRUE,FALSE,5,0.0266
Hannah Montana: The Movie (Soundtrack),Crazier,3/24/2009,Taylor Swift,,,Clean,33,FALSE,FALSE,0.260565519,Neutral,0.260565519,FALSE,1,2,7,229,95,0.4148,3.65,21,0,14,0.0917,0.0611,0,You Count,TRUE,FALSE,3,0.0131
Red,I Almost Do,10/22/2012,Taylor Swift,,,Clean,39,FALSE,TRUE,-0.315300137,Neutral,-0.315300137,FALSE,0,0,1,290,95,0.3276,3.31,27,1,36,0.0931,0.1241,0.0034,I Count,TRUE,FALSE,14,0.0483
Red (Taylor's Version),I Almost Do (Taylor’s Version),12/11/2021,Taylor Swift,,,Clean,39,FALSE,TRUE,-0.315300137,Neutral,-0.315300137,FALSE,0,0,1,290,95,0.3276,3.31,27,1,36,0.0931,0.1241,0.0034,I Count,TRUE,FALSE,14,0.0483
The Life of a Showgirl,The Life of a Showgirl (feat. Sabrina Carpenter),10/3/2025,"Taylor Swift, Sabrina Carpenter",Sabrina Carpenter,,Explicit,57,FALSE,TRUE,0.050381087,Neutral,0.050381087,FALSE,0,1,3,522,202,0.387,3.71,29,2,19,0.0556,0.0364,0.0038,You Count,TRUE,TRUE,19,0.0364
Red (Taylor's Version),Babe (Taylor’s Version) [From the Vault],12/11/2021,Taylor Swift,,,Clean,54,TRUE,TRUE,-0.69569993,Negative,-0.69569993,FALSE,0,0,3,402,95,0.2363,3.63,27,9,17,0.0672,0.0423,0.0224,You Count,TRUE,TRUE,26,0.0647
1989,Welcome to New York,10/20/2014,Taylor Swift,,,Clean,74,FALSE,FALSE,0.704042196,Positive,0.704042196,FALSE,0,0,1,363,94,0.259,3.97,15,2,3,0.0413,0.0083,0.0055,You Count,TRUE,FALSE,42,0.1157
1989 (Taylor's Version),Welcome to New York (Taylor’s Version),10/27/2023,Taylor Swift,,,Clean,74,FALSE,FALSE,0.704042196,Positive,0.704042196,FALSE,0,0,1,363,94,0.259,3.97,15,2,3,0.0413,0.0083,0.0055,You Count,TRUE,FALSE,42,0.1157
Love Drunk,Two Is Better Than One (feat. Taylor Swift),8/9/2009,"Boys Like Girls, Taylor Swift",Taylor Swift,,Clean,45,FALSE,TRUE,0.26861456,Neutral,0.26861456,FALSE,0,0,4,306,92,0.3007,3.54,19,0,17,0.0621,0.0556,0,You Count,TRUE,FALSE,29,0.0948
The Secret of Us,Us. (feat. Taylor Swift),6/21/2024,"Gracie Abrams, Taylor Swift",Taylor Swift,,Clean,31,FALSE,FALSE,-0.038258299,Neutral,-0.038258299,FALSE,0,3,0,345,140,0.4058,3.53,29,4,12,0.0841,0.0348,0.0116,You Count,TRUE,TRUE,17,0.0493
Red (Taylor's Version),Message in a Bottle (Taylor’s Version) [From the Vault],12/11/2021,Taylor Swift,,,Clean,72,FALSE,TRUE,0.041757789,Neutral,0.041757789,FALSE,0,0,4,414,92,0.2222,3.37,33,1,36,0.0797,0.087,0.0024,I Count,TRUE,TRUE,24,0.058
Taylor Swift (2006),The Outside,10/24/2006,Taylor Swift,,,Clean,42,FALSE,TRUE,-0.790988445,Negative,-0.790988445,FALSE,0,0,0,253,91,0.3597,3.25,8,0,21,0.0316,0.083,0,I Count,FALSE,TRUE,13,0.0514
1989,How You Get the Girl,10/27/2014,Taylor Swift,,,Clean,54,TRUE,TRUE,0.26485154,Neutral,0.26485154,FALSE,0,2,9,445,88,0.1978,3.24,26,1,14,0.0584,0.0315,0.0022,You Count,TRUE,TRUE,14,0.0315
1989 (Taylor's Version),How You Get the Girl (Taylor’s Version),10/27/2023,Taylor Swift,,,Clean,54,TRUE,TRUE,0.26485154,Neutral,0.26485154,FALSE,0,2,9,445,88,0.1978,3.24,26,1,14,0.0584,0.0315,0.0022,You Count,TRUE,TRUE,14,0.0315
The Tortured Poets Department: The Anthology,Robin,4/19/2024,Taylor Swift,,,Clean,12,FALSE,FALSE,0.076089397,Neutral,0.076089397,FALSE,0,5,1,183,88,0.4809,4.12,18,2,0,0.0984,0,0.0109,You Count,TRUE,TRUE,5,0.0273
Taylor Swift (2006),Tied Together with a Smile,10/24/2006,Taylor Swift,,,Clean,48,FALSE,TRUE,-0.360061169,Negative,-0.360061169,FALSE,3,2,2,283,86,0.3039,3.49,30,0,2,0.106,0.0071,0,You Count,FALSE,FALSE,7,0.0247
1989,All You Had to Do Was Stay,10/27/2014,Taylor Swift,,,Clean,58,TRUE,FALSE,0.050471742,Neutral,0.050471742,FALSE,0,0,14,485,86,0.1773,3.12,50,5,10,0.1031,0.0206,0.0103,You Count,TRUE,FALSE,27,0.0557
1989 (Taylor's Version),All You Had to Do Was Stay (Taylor’s Version),10/27/2023,Taylor Swift,,,Clean,58,TRUE,FALSE,0.050471742,Neutral,0.050471742,FALSE,0,0,14,485,86,0.1773,3.12,50,5,10,0.1031,0.0206,0.0103,You Count,TRUE,FALSE,27,0.0557
Midnights (3am Edition),Bigger Than the Whole Sky,10/21/2022,Taylor Swift,,,Clean,52,FALSE,FALSE,-0.468316525,Negative,-0.468316525,FALSE,0,9,2,284,86,0.3028,3.61,15,6,13,0.0528,0.0458,0.0211,You Count,TRUE,FALSE,8,0.0282
Fearless (Taylor's Version),Don’t You (Taylor’s Version) [From the Vault],9/4/2021,Taylor Swift,,,Clean,43,FALSE,TRUE,-0.066050477,Neutral,-0.066050477,FALSE,0,0,1,272,85,0.3125,2.87,36,1,23,0.1324,0.0846,0.0037,You Count,TRUE,FALSE,10,0.0368
Evermore,Closure,11/12/2020,Taylor Swift,,,Clean,40,FALSE,FALSE,0.348477244,Neutral,0.181714326,TRUE,0,1,3,249,84,0.3373,3.48,4,0,22,0.0161,0.0884,0,I Count,TRUE,FALSE,4,0.0161
Fearless (Platinum Edition),Come in with the Rain,10/26/2009,Taylor Swift,,,Clean,28,FALSE,TRUE,-0.365681797,Negative,-0.365681797,FALSE,0,6,3,250,84,0.336,3.28,10,0,24,0.04,0.096,0,I Count,TRUE,TRUE,3,0.012
Fearless (Taylor's Version),Come In with the Rain (Taylor’s Version),9/4/2021,Taylor Swift,,,Clean,28,FALSE,TRUE,-0.365681797,Negative,-0.365681797,FALSE,0,6,3,250,84,0.336,3.28,10,0,24,0.04,0.096,0,I Count,TRUE,TRUE,3,0.012
Lover,It's Nice to Have a Friend,8/23/2019,Taylor Swift,,,Clean,14,TRUE,FALSE,0.748518467,Positive,0.748518467,FALSE,1,5,3,164,83,0.5061,3.61,5,1,0,0.0305,0,0.0061,You Count,FALSE,FALSE,4,0.0244
Taylor Swift (2006),A Place in This World,10/24/2006,Taylor Swift,,,Clean,34,FALSE,TRUE,-0.003368075,Neutral,-0.003368075,FALSE,1,2,1,264,83,0.3144,2.93,1,0,30,0.0038,0.1136,0,I Count,TRUE,FALSE,5,0.0189
Taylor Swift (2006) [Deluxe],Invisible,6/11/2007,Taylor Swift,,,Clean,44,FALSE,TRUE,0.343443304,Positive,0.343443304,FALSE,0,6,3,263,82,0.3118,3.67,27,5,7,0.1027,0.0266,0.019,You Count,TRUE,TRUE,6,0.0228
Fearless (Taylor's Version),That’s When (feat. Keith Urban) (Taylor’s Version) [From the Vault],9/4/2021,Taylor Swift,,,Clean,48,FALSE,TRUE,0.107754797,Neutral,0.107754797,FALSE,0,4,7,352,81,0.2301,3.24,17,3,38,0.0483,0.108,0.0085,I Count,TRUE,TRUE,50,0.142
Fearless (Platinum Edition),Untouchable,10/26/2009,Taylor Swift,,,Clean,41,FALSE,TRUE,0.580143392,Positive,0.580143392,FALSE,0,10,0,441,80,0.1814,3.47,20,6,17,0.0454,0.0385,0.0136,You Count,TRUE,TRUE,16,0.0363
Fearless (Taylor's Version),Untouchable (Taylor’s Version),9/4/2021,Taylor Swift,,,Clean,41,FALSE,TRUE,0.580143392,Positive,0.580143392,FALSE,0,10,0,441,80,0.1814,3.47,20,6,17,0.0454,0.0385,0.0136,You Count,TRUE,TRUE,16,0.0363
Midnights,Labyrinth,10/21/2022,Taylor Swift,,,Clean,30,FALSE,FALSE,-0.348186582,Negative,-0.348186582,FALSE,0,0,2,276,77,0.279,3.38,9,0,24,0.0326,0.087,0,I Count,FALSE,TRUE,9,0.0326
The Hunger Games: Songs from District 12 and Beyond,Safe & Sound (feat. The Civil Wars),12/26/2011,"Taylor Swift, The Civil Wars",The Civil Wars,,Clean,28,FALSE,TRUE,0.14207983,Neutral,0.14207983,FALSE,0,8,4,182,74,0.4066,3.6,11,0,7,0.0604,0.0385,0,You Count,TRUE,FALSE,12,0.0659
Folklore,Epiphany,7/24/2020,Taylor Swift,,,Clean,19,FALSE,TRUE,-0.159478143,Neutral,-0.159478143,FALSE,0,4,2,192,73,0.3802,3.99,20,0,9,0.1042,0.0469,0,You Count,TRUE,FALSE,18,0.0938
Taylor Swift (2006) [Deluxe],A Perfectly Good Heart,6/11/2007,Taylor Swift,,,Clean,40,FALSE,FALSE,-0.852001011,Negative,-0.852001011,FALSE,0,1,9,239,71,0.2971,3.88,19,0,4,0.0795,0.0167,0,You Count,TRUE,TRUE,8,0.0335
